Day,' Time','use [kW]','03:OfficeOutlets* [kVA]','04:LivingRoomOutlets* [kVA]','05:GuestBathOutlets* [kVA]','06:MasterBathOutlets* [kVA]','07:LivingRoomPatioLights* [kVA]','08:GuestBathHallLights* [kVA]','09:DiningRoomOutlets* [kVA]','10:OutsideOutlets* [kVA]','11:CellarLights* [kVA]','14:WashingMachine* [kVA]','16:DisposalDishwasher* [kVA]','17:Microwave* [kVA]','18:KitchenLights* [kVA]','19:BedroomOutlets* [kVA]','20:BedroomLights* [kVA]','21:MasterOutlets* [kVA]','22:MasterLights* [kVA]','24:CounterOutlets1* [kVA]','25:CounterOutlets2* [kVA]','26:KitchenOutlets* [kVA]',Cluster
0,191600,0.403887,0,1,0,0,0,0,0,0,0,0,0,0,1,0,1,0,1,0,0,0,cluster15
0,191500,0.715621,0,1,0,0,0,0,0,0,0,0,0,0,1,0,1,0,1,0,0,0,cluster15
0,191400,0.608934,0,1,0,0,0,0,0,0,0,0,0,0,1,0,1,0,1,0,0,0,cluster15
0,191300,0.49763,0,1,0,0,0,0,0,0,0,0,0,0,1,0,1,0,1,0,0,0,cluster15
0,191200,0.578903,0,1,0,0,0,0,0,0,0,0,0,0,1,0,1,0,1,0,0,0,cluster15
0,191100,0.91088,0,1,0,0,0,0,0,0,0,0,0,0,1,0,1,0,1,0,0,0,cluster15
0,191000,1.20555,0,1,0,0,0,0,0,0,0,0,0,0,1,0,1,0,1,0,0,0,cluster15
0,190900,0.267949,0,1,0,0,0,0,0,0,0,0,0,0,1,0,1,0,1,0,0,0,cluster15
0,190800,0.663346,0,1,0,0,0,0,0,0,0,0,0,0,1,0,1,0,1,1,0,0,cluster15
0,190700,0.87959,0,1,0,0,0,0,0,0,0,0,0,0,1,0,1,0,1,1,0,0,cluster15
0,190600,0.879203,0,1,0,0,0,0,0,0,0,0,0,0,1,0,1,0,1,1,0,0,cluster15
0,190500,1.05221,0,1,0,0,0,0,0,0,0,0,0,0,1,0,1,0,1,1,0,0,cluster15
0,190400,0.962947,0,1,0,0,0,0,0,0,0,0,0,0,1,0,1,0,1,1,0,0,cluster15
0,190300,0.89789,0,1,0,0,0,0,0,0,0,0,0,0,1,0,1,0,1,1,0,0,cluster15
0,190200,0.902277,0,1,0,0,0,0,0,0,0,0,0,0,1,0,0,0,1,1,0,0,cluster15
0,190100,0.847168,0,1,0,0,0,0,0,0,0,0,0,0,1,0,0,0,1,1,0,0,cluster15
0,190000,0.856766,0,1,0,0,0,0,0,0,0,0,0,0,1,0,0,0,1,0,0,0,cluster15
0,182100,0.064493,0,1,0,0,0,0,0,0,0,0,0,0,1,0,0,0,0,0,0,0,cluster15
0,182000,0.16567,0,1,0,0,0,0,0,0,0,0,0,0,1,0,0,0,0,0,0,0,cluster15
0,181900,0.321157,0,1,0,0,0,0,0,0,0,0,0,0,1,0,0,0,0,0,0,0,cluster15
0,181800,0.288558,0,1,0,0,0,0,0,0,0,0,0,0,1,0,0,0,0,0,0,0,cluster15
0,181700,0.325314,0,1,0,0,0,0,0,0,0,0,0,0,1,0,0,0,0,0,0,0,cluster15
0,181600,0.315723,0,1,0,0,0,0,0,0,0,0,0,0,1,0,0,0,0,0,0,0,cluster15
0,181500,0.364437,0,1,0,0,0,0,0,0,0,0,0,1,1,0,0,0,0,0,0,0,cluster15
0,174800,0.33218,0,1,0,0,0,0,0,0,0,0,0,0,1,0,0,0,0,0,0,0,cluster15
0,174700,0.35801,0,1,0,0,0,0,0,0,0,0,0,0,1,0,0,0,0,0,0,0,cluster15
0,174600,0.354623,0,1,0,0,0,0,0,0,0,0,0,0,1,0,0,0,0,0,0,0,cluster15
0,174500,0.32262,0,1,0,0,0,0,0,0,0,0,0,0,1,0,0,0,0,0,0,0,cluster15
0,174400,0.338957,0,1,0,0,0,0,0,0,0,0,0,0,1,0,0,0,0,0,0,0,cluster15
0,174300,0.368713,0,1,0,0,0,0,0,0,0,0,0,0,1,0,0,0,0,0,0,0,cluster15
0,174200,0.337033,0,1,0,0,0,0,0,0,0,0,0,1,1,0,0,0,0,0,0,0,cluster15
0,174100,0.356353,0,1,0,0,0,0,0,0,0,0,0,1,1,0,0,0,0,0,0,0,cluster15
0,174000,1.26806,0,1,0,0,0,0,0,0,0,0,0,0,1,0,0,0,0,0,0,0,cluster15
0,173900,0.91867,0,1,0,0,0,0,0,0,0,0,0,0,1,0,0,0,0,0,0,0,cluster15
0,173800,0.344912,0,1,0,0,0,0,0,0,0,0,0,0,1,0,0,0,0,0,0,0,cluster15
0,173700,0.372533,0,1,0,0,0,0,0,0,0,0,0,1,1,0,0,0,0,0,0,0,cluster15
0,173600,0.922737,0,1,0,0,0,0,0,0,0,0,0,1,1,0,0,0,0,0,0,0,cluster15
0,173500,1.93296,0,1,0,0,0,0,0,0,0,0,0,1,1,0,0,0,0,0,0,0,cluster15
0,173400,2.07414,0,1,0,0,0,0,0,0,0,0,0,1,1,0,0,0,0,0,0,0,cluster15
0,173300,2.16755,0,1,0,0,0,0,0,0,0,0,0,1,1,0,0,0,0,0,0,0,cluster15
0,173200,1.4206,0,1,0,0,0,0,0,0,0,0,0,0,1,0,0,0,0,0,0,0,cluster15
0,173100,0.410857,0,1,0,0,0,0,0,0,0,0,0,0,1,0,0,0,0,0,0,0,cluster15
0,173000,0.405574,0,1,0,0,0,0,0,0,0,0,0,0,1,0,0,0,0,0,0,0,cluster15
0,172900,0,0,1,0,0,0,0,0,0,0,0,0,0,1,0,0,0,0,0,0,0,cluster15
0,172800,0,0,1,0,0,0,0,0,0,0,0,0,0,1,0,0,0,0,0,0,0,cluster15
0,172700,0.266624,0,1,0,0,0,0,0,0,0,0,0,0,1,0,0,0,0,0,0,0,cluster15
0,172600,0.2482,0,1,0,0,0,0,0,0,0,0,0,0,1,0,0,0,0,0,0,0,cluster15
0,172500,0.196316,0,1,0,0,0,0,0,0,0,0,0,0,1,0,0,0,0,0,0,0,cluster15
0,172400,0.182279,0,1,0,0,0,0,0,0,0,0,0,0,1,0,0,0,0,0,0,0,cluster15
0,172300,0.235804,0,1,0,0,0,0,0,0,0,0,0,0,1,0,0,0,0,0,0,0,cluster15
0,172200,0.253463,0,1,0,0,0,0,0,0,0,0,0,0,1,0,0,0,0,0,0,0,cluster15
0,172100,0.217517,0,1,0,0,0,0,0,0,0,0,0,0,1,0,0,0,0,0,0,0,cluster15
0,172000,0.271223,0,1,0,0,0,0,0,0,0,0,0,0,1,0,0,0,0,0,0,0,cluster15
0,171900,0.243133,0,1,0,0,0,0,0,0,0,0,0,0,1,0,0,0,0,0,0,0,cluster15
0,171800,0.24439,0,1,0,0,0,0,0,0,0,0,0,0,1,0,0,0,0,0,0,0,cluster15
0,171700,0.254214,0,1,0,0,0,0,0,0,0,0,0,0,1,0,0,0,0,0,0,0,cluster15
0,171600,0.229317,0,1,0,0,0,0,0,0,0,0,0,0,1,0,0,0,0,0,0,0,cluster15
0,171500,0.196807,0,1,0,0,0,0,0,0,0,0,0,0,1,0,0,0,0,0,0,0,cluster15
0,171400,0.10937,0,1,0,0,0,0,0,0,0,0,0,0,1,0,0,0,0,0,0,0,cluster15
0,171300,0.06547,0,1,0,0,0,0,0,0,0,0,0,0,1,0,0,0,0,0,0,0,cluster15
0,171200,0.058963,0,1,0,0,0,0,0,0,0,0,0,0,1,0,0,0,0,0,0,0,cluster15
0,171100,0.04132,0,1,0,0,0,0,0,0,0,0,0,0,1,0,0,0,0,0,0,0,cluster15
0,171000,0.019836,0,1,0,0,0,0,0,0,0,0,0,0,1,0,0,0,0,0,0,0,cluster15
0,170900,0,0,1,0,0,0,0,0,0,0,0,0,0,1,0,0,0,0,0,0,0,cluster15
0,170800,0.498773,0,1,0,0,0,0,0,0,0,0,0,0,1,0,0,0,0,0,0,0,cluster15
0,170700,0.965653,0,1,0,0,0,0,0,0,0,0,0,0,1,0,0,0,0,0,0,0,cluster15
0,170600,0.31747,0,1,0,0,0,0,0,0,0,0,0,0,1,0,0,0,0,0,0,0,cluster15
0,163600,0,0,1,0,0,0,0,0,0,0,0,0,0,1,0,0,0,0,0,0,0,cluster15
0,163500,0.081293,0,1,0,0,0,0,0,0,0,0,0,0,1,0,0,0,0,0,0,0,cluster15
0,163400,0.317201,0,1,0,0,0,0,0,0,0,0,0,0,1,0,0,0,0,0,0,0,cluster15
0,163300,0.321771,0,1,0,0,0,0,0,0,0,0,0,0,1,0,0,0,0,0,0,0,cluster15
0,163200,0.340223,0,1,0,0,0,0,0,0,0,0,0,0,1,0,0,0,0,0,0,0,cluster15
0,163100,0.31248,0,1,0,0,0,0,0,0,0,0,0,0,1,0,0,0,0,0,0,0,cluster15
0,163000,0.294104,0,1,0,0,0,0,0,0,0,0,0,0,1,0,0,0,0,0,0,0,cluster15
0,162900,0.336536,0,1,0,0,0,0,0,0,0,0,0,0,1,0,0,0,0,0,0,0,cluster15
0,162800,0,0,1,0,0,0,0,0,0,0,0,0,0,1,0,0,0,0,0,0,0,cluster15
0,162700,0,0,1,0,0,0,0,0,0,0,0,0,0,1,0,0,0,0,0,0,0,cluster15
0,162600,0.261553,0,1,0,0,0,0,0,0,0,0,0,0,1,0,0,0,0,0,0,0,cluster15
0,162500,0.240597,0,1,0,0,0,0,0,0,0,0,0,0,1,0,0,0,0,0,0,0,cluster15
0,162400,0.160043,0,1,0,0,0,0,0,0,0,0,0,0,1,0,0,0,0,0,0,0,cluster15
0,162300,0.139856,0,1,0,0,0,0,0,0,0,0,0,0,1,0,0,0,0,0,0,0,cluster15
0,162200,0,0,1,0,0,0,0,0,0,0,0,0,0,1,0,0,0,0,0,0,0,cluster15
0,162100,0,0,1,0,0,0,0,0,0,0,0,0,0,1,0,0,0,0,0,0,0,cluster15
0,162000,0,0,1,0,0,0,0,0,0,0,0,0,0,1,0,0,0,0,0,0,0,cluster15
0,161900,0,0,1,0,0,0,0,0,0,0,0,0,0,1,0,0,0,0,0,0,0,cluster15
0,161800,0.205401,0,1,0,0,0,0,0,0,0,0,0,0,1,0,1,0,0,0,0,0,cluster15
0,161700,0,0,1,0,0,0,0,0,0,0,0,0,0,1,0,1,0,0,0,0,0,cluster15
0,161600,0.133706,0,1,0,0,0,0,0,0,0,0,0,0,1,0,0,0,0,0,0,0,cluster15
0,161500,0,0,1,0,0,0,0,0,0,0,0,0,0,1,0,0,0,0,0,0,0,cluster15
0,161400,0,0,1,0,0,0,0,0,0,0,0,0,0,1,0,0,0,0,0,0,0,cluster15
0,161300,0.270814,0,1,0,0,0,0,0,0,0,0,0,0,1,0,0,0,0,0,0,0,cluster15
0,161200,0,0,1,0,0,0,0,0,0,0,0,0,0,1,0,0,0,0,0,0,0,cluster15
0,161100,0,0,1,0,0,0,0,0,0,0,0,0,0,1,0,0,0,0,0,0,0,cluster15
0,161000,0.21495,0,1,0,0,0,0,0,0,0,0,0,0,1,0,0,0,0,0,0,0,cluster15
0,160900,0,0,1,0,0,0,0,0,0,0,0,0,0,1,0,0,0,0,0,0,0,cluster15
0,160800,0.09097,0,1,0,0,0,0,0,0,0,0,0,0,1,0,0,0,0,0,0,0,cluster15
0,160700,0.278264,0,1,0,0,0,0,0,0,0,0,0,0,1,0,0,0,0,0,0,0,cluster15
0,160600,0.79474,0,1,0,0,0,0,0,0,0,0,0,0,1,0,0,0,0,0,0,0,cluster15
0,160500,0.509257,0,1,0,0,0,0,0,0,0,0,0,0,1,0,0,0,0,0,0,0,cluster15
0,160400,0.056724,0,1,0,0,0,0,0,0,0,0,0,0,1,0,0,0,0,0,0,0,cluster15
0,160300,0.453637,0,1,0,0,0,0,0,0,0,0,0,0,1,0,0,0,0,0,0,0,cluster15
0,160200,0.583797,0,1,0,0,0,0,0,0,0,0,0,0,1,0,0,0,0,0,0,0,cluster15
0,160100,0.566441,0,1,0,0,0,0,0,0,0,0,0,0,1,0,0,0,0,0,0,0,cluster15
0,160000,0.401334,0,1,0,0,0,0,0,0,1,0,0,0,1,0,0,0,0,0,0,0,cluster15
0,155900,0.693734,0,1,0,0,0,0,0,0,1,0,0,0,1,0,0,0,0,1,0,0,cluster15
0,120000,1.40418,0,1,0,0,0,0,0,0,0,0,0,0,1,0,0,0,0,0,0,0,cluster15
0,115900,0.623677,0,1,0,0,0,0,0,0,0,0,0,0,1,0,0,0,0,0,0,0,cluster15
0,115800,0.551153,0,1,0,0,0,0,0,0,0,0,0,0,1,0,0,0,0,0,0,0,cluster15
0,115700,0.512277,0,1,0,0,0,0,0,0,0,0,0,0,1,0,0,0,0,0,0,0,cluster15
0,115600,0.67807,0,1,0,0,0,0,0,0,0,0,0,0,1,0,0,0,0,0,0,0,cluster15
0,115500,0.60002,0,1,0,0,0,0,0,0,0,0,0,0,1,0,0,0,0,0,0,0,cluster15
0,115400,0.386919,0,1,0,0,0,0,0,0,0,0,0,0,1,0,0,0,0,0,0,0,cluster15
0,115300,0.46362,0,1,0,0,0,0,0,0,0,0,0,0,1,0,0,0,0,0,0,0,cluster15
0,115200,0.481007,0,1,0,0,0,0,0,0,0,0,0,0,1,0,0,0,0,0,0,0,cluster15
0,115100,0.464166,0,1,0,0,0,0,0,0,0,0,0,0,1,0,0,0,0,0,0,0,cluster15
0,115000,0.533887,0,1,0,0,0,0,0,0,0,0,0,0,1,0,0,0,0,1,0,0,cluster15
0,114900,1.94493,0,1,0,0,0,0,0,0,0,0,0,0,1,0,0,0,0,1,0,0,cluster15
0,114800,2.1692,0,1,0,0,0,0,0,0,0,0,0,0,1,0,0,0,0,1,0,0,cluster15
0,114700,1.882,0,1,0,0,0,0,0,0,0,0,0,0,1,0,0,0,0,1,0,0,cluster15
1,174700,1.02222,0,1,0,0,0,0,0,0,1,0,0,0,1,0,0,0,0,1,0,0,cluster15
1,174600,0.855349,0,1,0,0,0,0,0,0,1,0,0,0,1,0,0,0,0,1,0,0,cluster15
1,174500,1.92058,0,1,0,0,0,0,0,0,1,0,0,0,1,0,0,0,0,1,0,0,cluster15
1,174400,1.07397,0,1,0,0,0,0,0,0,1,0,0,0,1,0,0,0,0,0,0,0,cluster15
1,174300,0.559644,0,1,0,0,0,0,0,0,1,0,0,0,1,0,0,0,0,1,0,0,cluster15
1,174200,1.27995,0,1,0,0,0,0,0,0,1,0,0,0,1,0,0,0,0,1,0,0,cluster15
1,174100,1.82516,0,1,0,0,0,0,0,0,1,0,0,0,1,0,0,0,0,1,0,0,cluster15
1,174000,0.882391,0,1,0,0,0,0,0,0,1,0,0,0,1,0,0,0,0,0,0,0,cluster15
1,173900,0.801391,0,1,0,0,0,0,0,0,1,0,0,0,1,0,0,0,0,1,0,0,cluster15
1,173800,1.61635,0,1,0,0,0,0,0,0,1,0,0,0,1,0,0,0,0,1,0,0,cluster15
1,173700,1.42304,0,1,0,0,0,0,0,0,1,0,0,0,1,0,0,0,0,1,0,0,cluster15
1,173600,1.17426,0,1,0,0,0,0,0,0,1,0,0,0,1,0,0,0,0,1,0,0,cluster15
1,173500,2.45785,0,1,0,0,0,0,0,0,1,0,0,0,1,0,0,0,0,1,0,0,cluster15
1,173400,2.07325,0,1,0,0,0,0,0,0,1,0,0,0,1,0,0,0,0,1,0,0,cluster15
1,173300,2.09204,0,1,0,0,0,0,0,0,1,0,0,0,1,0,0,0,0,1,0,0,cluster15
1,173200,2.03456,0,1,0,0,0,0,0,0,1,0,0,0,1,0,0,0,0,1,0,0,cluster15
1,173100,2.05715,0,1,0,0,0,0,0,0,1,0,0,0,1,0,0,0,0,0,0,0,cluster15
1,173000,0.576776,0,1,0,0,0,0,0,0,1,0,0,0,1,0,0,0,0,0,0,0,cluster15
1,172900,0.61698,0,1,0,0,0,0,0,0,1,0,0,0,1,0,0,0,0,0,0,0,cluster15
1,172800,0.580164,0,1,0,0,0,0,0,0,1,0,0,0,1,0,0,0,0,0,0,0,cluster15
1,172700,0.50837,0,1,0,0,0,0,0,0,1,0,0,0,1,0,0,0,0,0,0,0,cluster15
1,172600,0.386417,0,1,0,0,0,0,0,0,1,0,0,0,1,0,0,0,0,0,0,0,cluster15
1,172500,0.491636,0,1,0,0,0,0,0,0,1,0,0,0,1,0,0,0,0,0,0,0,cluster15
1,172400,0.503066,0,1,0,0,0,0,0,0,1,0,0,0,1,0,0,0,0,0,0,0,cluster15
1,172300,0.5106,0,1,0,0,0,0,0,0,1,0,0,0,1,0,0,0,0,0,0,0,cluster15
1,172200,0.48467,0,1,0,0,0,0,0,0,1,0,0,0,1,0,0,0,0,0,0,0,cluster15
1,172100,0.53015,0,1,0,0,0,0,0,0,1,0,0,0,1,0,0,0,0,0,0,0,cluster15
1,172000,0.467297,0,1,0,0,0,0,0,0,1,0,0,0,1,0,0,0,0,0,0,0,cluster15
1,171900,0.496956,0,1,0,0,0,0,0,0,1,0,0,0,1,0,0,0,0,0,0,0,cluster15
1,171800,0.42158,0,1,0,0,0,0,0,0,1,0,0,0,1,0,0,0,0,0,0,0,cluster15
1,171700,0.306674,0,1,0,0,0,0,0,0,1,0,0,0,1,0,0,0,0,0,0,0,cluster15
1,171600,0.29865,0,1,0,0,0,0,0,0,1,0,0,0,1,0,0,0,0,0,0,0,cluster15
1,171500,0.305153,0,1,0,0,0,0,0,0,1,0,0,0,1,0,0,0,0,0,0,0,cluster15
1,171400,0.300844,0,1,0,0,0,0,0,0,1,0,0,0,1,0,0,0,0,0,0,0,cluster15
1,171300,0.323027,0,1,0,0,0,0,0,0,1,0,0,0,1,0,0,0,0,0,0,0,cluster15
1,171200,0.34697,0,1,0,0,0,0,0,0,1,0,0,0,1,0,0,0,0,0,0,0,cluster15
1,171100,0.21526,0,1,0,0,0,0,0,0,1,0,0,0,1,0,0,0,0,0,0,0,cluster15
1,171000,0.169486,0,1,0,0,0,0,0,0,1,0,0,0,1,0,0,0,0,0,0,0,cluster15
1,170900,0.287641,0,1,0,0,0,0,0,0,1,0,0,0,1,0,0,0,0,0,0,0,cluster15
1,170800,0.25695,0,1,0,0,0,0,0,0,1,0,0,0,1,0,0,0,0,0,0,0,cluster15
1,170700,0.265066,0,1,0,0,0,0,0,0,1,0,0,0,1,0,0,0,0,0,0,0,cluster15
1,170600,0.250104,0,1,0,0,0,0,0,0,1,0,0,0,1,0,0,0,0,0,0,0,cluster15
1,170500,0.273799,0,1,0,0,0,0,0,0,1,0,0,0,1,0,0,0,0,0,0,0,cluster15
1,170400,0.249023,0,1,0,0,0,0,0,0,1,0,0,0,1,0,0,0,0,0,0,0,cluster15
1,234300,0.058813,0,1,0,0,0,0,0,0,0,0,0,0,1,0,0,0,0,0,0,0,cluster15
1,234200,0.085192,0,1,0,0,0,0,0,0,0,0,0,0,1,0,0,0,0,0,0,0,cluster15
1,234100,0.08461,0,1,0,0,0,0,0,0,0,0,0,0,1,0,0,0,0,0,0,0,cluster15
1,234000,0.045416,0,1,0,0,0,0,0,0,0,0,0,0,1,0,0,0,0,0,0,0,cluster15
1,233900,0.041307,0,1,0,0,0,0,0,0,0,0,0,0,1,0,0,0,0,0,0,0,cluster15
1,233800,0.050591,0,1,0,0,0,0,0,0,0,0,0,0,1,0,0,0,0,0,0,0,cluster15
1,233700,0.05577,0,1,0,0,0,0,0,0,0,0,0,0,1,0,0,0,0,0,0,0,cluster15
1,233600,0.100034,0,1,0,0,0,0,0,0,0,0,0,0,1,0,0,0,0,0,0,0,cluster15
1,233500,0.13702,0,1,0,0,0,0,0,0,0,0,0,0,1,0,0,0,0,0,0,0,cluster15
1,191400,0.780524,0,1,0,0,0,1,0,0,0,0,0,0,1,0,0,0,1,0,0,0,cluster15
1,191300,0.75888,0,1,0,0,0,1,0,0,0,0,0,0,1,0,0,0,1,0,0,0,cluster15
1,191200,0.79629,0,1,0,0,0,1,0,0,0,0,0,0,1,0,0,0,1,1,0,0,cluster15
1,191100,1.00312,0,1,0,0,0,1,0,0,0,0,0,0,1,0,0,0,1,1,0,0,cluster15
1,191000,0.995653,0,1,0,0,0,1,0,0,0,0,0,0,1,0,0,0,1,1,0,0,cluster15
1,190900,0.821869,0,1,0,0,0,1,0,0,0,0,0,0,1,0,1,0,0,1,0,0,cluster15
1,190800,0.74905,0,1,0,0,0,1,0,0,0,0,0,0,1,0,1,0,0,1,0,0,cluster15
1,190700,0.727467,0,1,0,0,0,1,0,0,0,0,0,0,1,0,1,0,0,1,0,0,cluster15
1,190600,0.6751,0,1,0,0,0,1,0,0,0,0,0,0,1,0,1,0,0,1,0,0,cluster15
1,190500,1.5347,0,1,0,0,0,1,0,0,0,0,0,0,1,0,1,0,0,0,0,0,cluster15
1,172900,2.46521,0,1,0,0,0,0,0,0,0,0,0,0,1,0,0,0,0,1,0,0,cluster15
1,172800,0.93182,0,1,0,0,0,0,0,0,0,0,0,0,1,0,0,0,0,1,0,0,cluster15
1,172700,0.944067,0,1,0,0,0,0,0,0,0,0,0,0,1,0,0,0,0,1,0,0,cluster15
1,172600,1.95501,0,1,0,0,0,0,0,0,0,0,0,0,1,0,0,0,0,1,0,0,cluster15
1,172500,2.05327,0,1,0,0,0,0,0,0,0,0,0,0,1,0,0,0,0,1,0,0,cluster15
1,172400,2.08607,0,1,0,0,0,0,0,0,0,0,0,0,1,0,0,0,0,1,0,0,cluster15
1,172300,2.10194,0,1,0,0,0,0,0,0,0,0,0,0,1,0,0,0,0,1,0,0,cluster15
1,172200,1.49181,0,1,0,0,0,0,0,0,0,0,0,0,1,0,0,0,0,0,0,0,cluster15
1,172100,0.198643,0,1,0,0,0,0,0,0,0,0,0,0,1,0,0,0,0,0,0,0,cluster15
1,172000,0.62787,0,1,0,0,0,0,0,0,0,0,0,0,1,0,0,0,0,0,0,0,cluster15
1,171900,0.560437,0,1,0,0,0,0,0,0,0,0,0,0,1,0,0,0,0,0,0,0,cluster15
1,171800,0.457053,0,1,0,0,0,0,0,0,0,0,0,0,1,0,0,0,0,0,0,0,cluster15
1,171700,0.418777,0,1,0,0,0,0,0,0,0,0,0,0,1,0,0,0,0,0,0,0,cluster15
1,171600,0.389987,0,1,0,0,0,0,0,0,0,0,0,0,1,0,0,0,0,0,0,0,cluster15
1,171500,0.335303,0,1,0,0,0,0,0,0,1,0,0,0,1,0,0,0,0,0,0,0,cluster15
1,171400,0.38572,0,1,0,0,0,0,0,0,0,0,0,0,1,0,0,0,0,0,0,0,cluster15
1,171300,0.402913,0,1,0,0,0,0,0,0,0,0,0,0,1,0,0,0,1,0,0,0,cluster15
1,171200,0.406403,0,1,0,0,0,0,0,0,0,0,0,0,1,0,0,0,1,0,0,0,cluster15
1,171100,0.677737,0,1,0,0,0,1,0,0,0,0,0,0,1,0,0,0,1,0,0,0,cluster15
1,171000,0.720887,0,1,0,0,0,1,0,0,0,0,0,0,1,0,0,0,0,0,0,0,cluster15
1,170900,0.474654,0,1,0,0,0,1,0,0,0,0,0,0,1,0,0,0,0,0,0,0,cluster15
1,170800,0.30579,0,1,0,0,0,0,0,0,0,0,0,0,1,0,0,0,0,0,0,1,cluster15
1,170700,0.278217,0,1,0,0,0,1,0,0,0,0,0,0,1,0,0,0,0,0,0,1,cluster15
1,170600,0.272787,0,1,0,0,0,1,0,0,0,0,0,0,1,0,0,0,0,0,0,1,cluster15
1,170500,0.323984,0,1,0,0,0,1,0,0,0,0,0,0,1,0,0,0,0,0,0,1,cluster15
1,170400,0.242966,0,1,0,0,0,0,0,0,0,0,0,0,1,0,0,0,0,0,0,0,cluster15
1,170300,0.253334,0,1,0,0,0,0,0,0,0,0,0,0,1,0,0,0,0,0,0,0,cluster15
1,170200,0.253316,0,1,0,0,0,0,0,0,0,0,0,0,1,0,0,0,0,0,0,0,cluster15
1,170100,0.22715,0,1,0,0,0,0,0,0,0,0,0,0,1,0,0,0,0,0,0,0,cluster15
1,170000,0.080387,0,1,0,0,0,0,0,0,0,0,0,0,1,0,0,0,0,0,0,0,cluster15
1,165900,0.155343,0,1,0,0,0,0,0,0,0,0,0,0,1,0,0,0,0,0,0,0,cluster15
1,165800,0.173754,0,1,0,0,0,0,0,0,0,0,0,0,1,0,0,0,0,0,0,0,cluster15
1,162500,0.011007,0,1,0,0,0,0,0,0,0,0,0,0,1,0,0,0,0,0,0,0,cluster15
1,173100,0.778156,0,1,0,0,0,0,0,0,0,0,0,0,1,0,0,0,0,0,0,0,cluster15
1,173000,0.575643,0,1,0,0,0,0,0,0,0,0,0,1,1,0,0,0,0,0,0,0,cluster15
1,172900,0.885886,0,1,0,0,0,0,0,0,0,0,0,1,1,0,0,0,0,0,0,0,cluster15
1,172800,1.9175,0,1,0,0,0,0,0,0,0,0,0,1,1,0,0,0,0,0,0,0,cluster15
1,172700,1.92416,0,1,0,0,0,0,0,0,0,0,0,1,1,0,0,0,0,0,0,0,cluster15
1,172600,1.89496,0,1,0,0,0,0,0,0,0,0,0,1,1,0,0,0,0,0,0,0,cluster15
1,172500,2.4997,0,1,0,0,0,0,0,0,0,0,0,0,1,0,0,0,0,0,0,0,cluster15
1,172400,1.27365,0,1,0,0,0,0,0,0,0,0,0,0,1,0,0,0,0,0,0,0,cluster15
1,172300,0.738236,0,1,0,0,0,0,0,0,0,0,0,0,1,0,0,0,0,1,0,0,cluster15
1,172200,0.734593,0,1,0,0,0,0,0,0,0,0,0,0,1,0,0,0,0,1,0,0,cluster15
1,172100,0.256937,0,1,0,0,0,0,0,0,0,0,0,0,1,0,0,0,0,1,0,0,cluster15
1,172000,0.37829,0,1,0,0,0,0,0,0,0,0,0,0,1,0,0,0,0,1,0,0,cluster15
1,171900,0.624641,0,1,0,0,0,0,0,0,0,0,0,0,1,0,0,0,0,0,0,0,cluster15
1,171800,0.589137,0,1,0,0,0,0,0,0,0,0,0,0,1,0,0,0,0,0,0,0,cluster15
1,171700,0.377783,0,1,0,0,0,0,0,0,0,0,0,0,1,0,0,0,0,0,0,0,cluster15
1,90300,0.464437,0,1,0,0,0,0,0,0,0,0,0,0,1,0,0,0,1,0,0,0,cluster15
1,90200,0.40902,0,1,0,0,0,0,0,0,0,0,0,0,1,0,0,0,1,0,0,0,cluster15
1,90100,0.448104,0,1,0,0,0,0,0,0,0,0,0,0,1,0,0,0,1,0,0,0,cluster15
1,90000,0.44739,0,1,0,0,0,0,0,0,0,0,0,0,1,0,0,0,1,0,0,0,cluster15
1,85900,0.422419,0,1,0,0,0,0,0,0,0,0,0,0,1,0,0,0,1,0,0,0,cluster15
1,85800,0.44131,0,1,0,0,0,0,0,0,0,0,0,0,1,0,0,0,1,0,0,0,cluster15
1,85700,0.567863,0,1,0,0,0,0,0,0,0,0,0,0,1,0,0,0,1,0,0,0,cluster15
1,85600,0.929499,0,1,0,0,0,0,0,0,0,0,0,0,1,0,0,0,1,0,0,0,cluster15
1,85500,0.474174,0,1,0,0,0,0,0,0,0,0,0,0,1,0,0,0,1,0,0,0,cluster15
1,85400,0.670199,0,1,0,0,0,0,0,0,0,0,0,0,1,0,0,0,1,0,0,0,cluster15
1,85300,0.762567,0,1,0,0,0,0,0,0,0,0,0,0,1,0,1,0,1,0,0,0,cluster15
1,85200,0.78662,0,1,0,0,0,0,0,0,0,0,0,0,1,0,1,0,1,0,0,0,cluster15
1,85100,0.93264,0,1,0,0,0,0,0,0,0,0,0,0,1,0,1,0,1,0,0,0,cluster15
1,85000,0.925646,0,1,0,0,0,0,0,0,0,0,0,0,1,0,1,0,0,0,0,0,cluster15
1,84900,0.709773,0,1,0,0,0,0,0,0,0,0,0,0,1,0,1,0,0,0,0,0,cluster15
1,84800,0.692373,0,1,0,0,0,0,0,0,0,0,0,0,1,0,1,0,0,0,0,0,cluster15
1,84700,0.612233,0,1,0,0,0,0,0,0,0,0,0,0,1,0,1,0,0,0,0,0,cluster15
1,84600,0.129453,0,1,0,0,0,0,0,0,0,0,0,0,1,0,1,0,0,0,0,0,cluster15
1,84500,0.349356,0,1,0,0,0,0,0,0,0,0,0,0,1,0,1,0,0,0,0,0,cluster15
1,84400,0.451736,0,1,0,0,0,0,0,0,0,0,0,0,1,0,1,0,0,0,0,0,cluster15
1,84300,0.47289,0,1,0,0,0,0,0,0,0,0,0,0,1,0,1,0,0,0,0,0,cluster15
1,84200,0.4653,0,1,0,0,0,0,0,0,0,0,0,0,1,0,1,0,0,0,0,0,cluster15
1,84100,0.42485,0,1,0,0,0,0,0,0,0,0,0,0,1,0,1,0,0,0,0,0,cluster15
1,84000,0.463006,0,1,0,0,0,0,0,0,0,0,0,0,1,0,1,0,0,0,0,0,cluster15
1,83900,0.455883,0,1,0,0,0,0,0,0,0,0,0,0,1,0,1,0,0,0,0,0,cluster15
1,83800,0.470324,0,1,0,0,0,0,0,0,0,0,0,0,1,0,1,0,0,0,0,0,cluster15
1,83700,0.501827,0,1,0,0,0,0,0,0,0,0,0,0,1,0,1,0,0,0,0,0,cluster15
1,83600,0.530287,0,1,0,0,0,0,0,0,0,0,0,0,1,0,1,0,0,0,0,0,cluster15
1,83500,0.525793,0,1,0,0,0,0,0,0,0,0,0,0,1,0,1,0,0,0,0,0,cluster15
1,83400,0.271039,0,1,0,0,0,0,0,0,0,0,0,0,1,0,1,0,0,0,0,0,cluster15
1,83300,0,0,1,0,0,0,0,0,0,0,0,0,0,1,0,1,0,0,0,0,0,cluster15
1,83200,0.422471,0,1,0,0,0,0,0,0,0,0,0,0,1,0,1,0,0,0,0,0,cluster15
1,83100,0.521317,0,1,0,0,0,0,0,0,0,0,0,0,1,0,1,0,0,0,0,0,cluster15
1,83000,0.528799,0,1,0,0,0,0,0,0,0,0,0,0,1,0,1,0,0,0,0,0,cluster15
1,82900,0.466837,0,1,0,0,0,0,0,0,0,0,0,0,1,0,1,0,0,0,0,0,cluster15
1,82800,0.413437,0,1,0,0,0,0,0,0,0,0,0,0,1,0,1,0,0,0,0,0,cluster15
1,82700,0.449161,0,1,0,0,0,0,0,0,0,0,0,0,1,0,1,0,0,0,0,0,cluster15
1,82600,0.377224,0,1,0,0,0,0,0,0,0,0,0,0,1,0,0,0,0,0,0,0,cluster15
1,82500,0.219583,0,1,0,0,0,0,0,0,0,0,0,0,1,0,0,0,0,0,0,0,cluster15
1,82400,0.293686,0,1,0,0,0,0,0,0,0,0,0,0,1,0,0,0,0,0,0,0,cluster15
1,82300,0.276639,0,1,0,0,0,0,0,0,0,0,0,0,1,0,0,0,0,0,0,0,cluster15
1,82200,0.352887,0,1,0,0,0,0,0,0,0,0,0,0,1,0,0,0,0,0,0,0,cluster15
1,82100,0.845388,0,1,0,0,0,0,0,0,0,0,0,0,1,0,0,0,0,0,0,0,cluster15
1,82000,0.594519,0,1,0,0,0,0,0,0,0,0,0,0,1,0,0,0,0,0,0,0,cluster15
1,81900,0.428077,0,1,0,0,0,0,0,0,0,0,0,0,1,0,0,0,0,0,0,0,cluster15
1,81800,0.40852,0,1,0,0,0,0,0,0,0,0,0,0,1,0,0,0,0,0,0,0,cluster15
1,81700,0.425422,0,1,0,0,0,0,0,0,0,0,0,0,1,0,0,0,0,0,0,0,cluster15
1,81600,0.417163,0,1,0,0,0,0,0,0,0,0,0,0,1,0,0,0,0,0,0,0,cluster15
1,81500,0.414333,0,1,0,0,0,0,0,0,0,0,0,0,1,0,0,0,0,0,0,0,cluster15
1,81400,0.407826,0,1,0,0,0,0,0,0,0,0,0,0,1,0,0,0,0,0,0,0,cluster15
1,81300,0.514386,0,1,0,0,0,0,0,0,0,0,0,0,1,0,0,0,0,0,0,0,cluster15
1,81200,1.15889,0,1,0,0,0,0,0,0,0,0,0,0,1,0,0,0,0,0,0,0,cluster15
1,81100,0.21562,0,1,0,0,0,0,0,0,0,0,0,0,1,0,0,0,0,0,0,0,cluster15
1,81000,0.258183,0,1,0,0,0,0,0,0,0,0,0,0,1,0,0,0,0,0,0,0,cluster15
1,80900,0.405699,0,1,0,0,0,0,0,0,0,0,0,0,1,0,0,0,0,0,0,0,cluster15
1,80800,0.400019,0,1,0,0,0,0,0,0,0,0,0,0,1,0,0,0,0,0,0,0,cluster15
1,80700,0.438014,0,1,0,0,0,0,0,0,0,0,0,0,1,0,0,0,0,0,0,0,cluster15
1,80600,0.402753,0,1,0,0,0,0,0,0,0,0,0,0,1,0,0,0,0,0,0,0,cluster15
1,80500,0.401216,0,1,0,0,0,0,0,0,0,0,0,0,1,0,0,0,0,0,0,0,cluster15
1,80400,0.398037,0,1,0,0,0,0,0,0,0,0,0,0,1,0,0,0,0,0,0,0,cluster15
1,80300,0.417701,0,1,0,0,0,0,0,0,0,0,0,0,1,0,0,0,0,0,0,0,cluster15
1,80200,0.414287,0,1,0,0,0,0,0,0,0,0,0,0,1,0,0,0,0,0,0,0,cluster15
1,80100,0.417603,0,1,0,0,0,0,0,0,0,0,0,0,1,0,0,0,0,0,0,0,cluster15
1,80000,0.42338,0,1,0,0,0,0,0,0,0,0,0,0,1,0,1,0,0,0,0,0,cluster15
1,75900,0.404286,0,1,0,0,0,0,0,0,0,0,0,0,1,0,1,0,0,0,0,0,cluster15
1,75800,0.589116,0,1,0,0,0,0,0,0,0,0,0,0,1,0,1,0,1,0,0,0,cluster15
1,75700,0.648147,0,1,0,0,0,0,0,0,0,0,0,0,1,0,0,0,0,0,0,0,cluster15
1,75600,0.489367,0,1,0,0,0,0,0,0,0,0,0,0,1,0,0,0,0,0,0,0,cluster15
1,75500,0.398894,0,1,0,0,0,0,0,0,0,0,0,0,1,0,0,0,0,0,0,0,cluster15
1,75400,0.35389,0,1,0,0,0,0,0,0,0,0,0,0,1,0,0,0,0,0,0,0,cluster15
1,75300,0.3963,0,1,0,0,0,0,0,0,0,0,0,0,1,0,0,0,0,0,0,0,cluster15
1,75200,0.34477,0,1,0,0,0,0,0,0,0,0,0,0,1,0,0,0,0,0,0,0,cluster15
1,75100,0.362473,0,1,0,0,0,0,0,0,0,0,0,0,1,0,0,0,0,0,0,0,cluster15
1,75000,0.376604,0,1,0,0,0,0,0,0,0,0,0,0,1,0,0,0,0,0,0,0,cluster15
1,74900,0.35462,0,1,0,0,0,0,0,0,0,0,0,0,1,0,0,0,0,0,0,0,cluster15
1,74800,0.3652,0,1,0,0,0,0,0,0,0,0,0,0,1,0,0,0,0,0,0,0,cluster15
1,74700,0.395593,0,1,0,0,0,0,0,0,0,0,0,0,1,0,0,0,0,0,0,0,cluster15
1,74600,0.919557,0,1,0,0,0,0,0,0,0,0,0,0,1,0,0,0,0,0,0,0,cluster15
1,74500,0.557817,0,1,0,0,0,0,0,0,0,0,0,0,1,0,0,0,0,0,0,0,cluster15
1,74400,0.356003,0,1,0,0,0,0,0,0,0,0,0,0,1,0,0,0,0,0,0,0,cluster15
1,74300,0.47014,0,1,0,0,0,0,0,0,0,0,0,0,1,0,0,0,0,0,0,0,cluster15
1,74200,0.451487,0,1,0,0,0,0,0,0,0,0,0,0,1,0,0,0,0,0,0,0,cluster15
1,74100,0.47119,0,1,0,0,0,0,0,0,0,0,0,0,1,0,0,0,0,0,0,0,cluster15
1,74000,0.488883,0,1,0,0,0,1,0,0,0,0,0,0,1,0,0,0,0,0,0,0,cluster15
1,73900,0.5127,0,1,0,0,0,1,0,0,0,0,0,0,1,0,0,0,0,0,0,0,cluster15
1,73800,0.531274,0,1,0,0,0,1,0,0,0,0,0,0,1,0,0,0,0,0,0,0,cluster15
1,73700,0.483236,0,1,0,0,0,1,0,0,0,0,0,0,1,0,0,0,0,0,0,0,cluster15
1,73600,0,0,1,0,0,0,1,0,0,0,0,0,0,1,0,0,0,0,0,0,0,cluster15
1,73500,0.264693,0,1,0,0,0,1,0,0,0,0,0,0,1,0,0,0,0,0,0,0,cluster15
1,73400,0.459271,0,1,0,0,0,1,0,0,0,0,0,0,1,0,0,0,0,0,0,0,cluster15
1,73300,0.459741,0,1,0,0,0,1,0,0,0,0,0,0,1,0,0,0,0,0,0,0,cluster15
1,73200,0,0,1,0,0,0,1,0,0,0,0,0,0,1,0,0,0,0,0,0,0,cluster15
1,73100,0,0,1,0,0,0,1,0,0,0,0,0,0,1,0,0,0,0,0,0,0,cluster15
1,73000,0.321186,0,1,0,0,0,1,0,0,0,0,0,0,1,0,0,0,0,0,0,0,cluster15
1,72900,0.449879,0,1,0,0,0,1,0,0,0,0,0,0,1,0,0,0,0,0,0,0,cluster15
1,72800,0.391989,0,1,0,0,0,1,0,0,0,0,0,0,1,0,0,0,0,0,0,0,cluster15
1,72700,0.322197,0,1,0,0,0,1,0,0,0,0,0,0,1,0,0,0,0,0,0,0,cluster15
1,72600,0.240314,0,1,0,0,0,1,0,0,0,0,0,0,1,0,0,0,0,0,0,0,cluster15
1,72500,0.193093,0,1,0,0,0,1,0,0,0,0,0,0,1,0,0,0,0,0,0,0,cluster15
1,72400,0.352266,0,1,0,0,0,1,0,0,0,0,0,0,1,0,0,0,0,0,0,0,cluster15
1,72300,0.289384,0,1,0,0,0,1,0,0,0,0,0,0,1,0,0,0,0,0,0,0,cluster15
1,72200,0.217451,0,1,0,0,0,0,0,0,0,0,0,0,1,0,0,0,0,0,0,0,cluster15
1,72100,0.204967,0,1,0,0,0,0,0,0,0,0,0,0,1,0,0,0,0,0,0,0,cluster15
1,72000,0.233857,0,1,0,0,0,0,0,0,0,0,0,0,1,0,0,0,0,0,0,0,cluster15
1,71900,0.22945,0,1,0,0,0,0,0,0,0,0,0,0,1,0,0,0,0,0,0,0,cluster15
1,71800,0.20937,0,1,0,0,0,0,0,0,0,0,0,0,1,0,0,0,0,0,0,0,cluster15
1,71700,0.232788,0,1,0,0,0,0,0,0,0,0,0,0,1,0,0,0,0,0,0,0,cluster15
1,71600,0.27417,0,1,0,0,0,0,0,0,0,0,0,0,1,0,0,0,0,0,0,0,cluster15
1,71500,0.235049,0,1,0,0,0,0,0,0,0,0,0,0,1,0,0,0,0,0,0,0,cluster15
1,71400,0.188234,0,1,0,0,0,0,0,0,0,0,0,0,1,0,0,0,0,0,0,0,cluster15
1,71300,0.289441,0,1,0,0,0,0,0,0,0,0,0,0,1,0,0,0,0,0,0,0,cluster15
1,71200,0.402021,0,1,0,0,0,0,0,0,0,0,0,0,1,0,0,0,0,0,0,0,cluster15
1,71100,0.91765,0,1,0,0,0,0,0,0,0,0,0,0,1,0,0,0,0,0,0,0,cluster15
1,71000,1.44372,0,1,0,0,0,0,0,0,0,0,0,0,1,0,0,0,0,0,0,0,cluster15
1,70900,0.64312,0,1,0,0,0,0,0,0,0,0,0,0,1,0,0,0,0,0,0,0,cluster15
1,70800,0.553733,0,1,0,0,0,0,0,0,0,0,0,0,1,0,0,0,0,0,0,0,cluster15
1,70700,0.621673,0,1,0,0,0,0,0,0,0,0,0,0,1,0,0,0,0,0,0,0,cluster15
1,70600,0.564896,0,1,0,0,0,0,0,0,0,0,0,0,1,0,0,0,0,0,0,0,cluster15
1,70500,0.543073,0,1,0,0,0,0,0,0,0,0,0,0,1,0,0,0,0,0,0,0,cluster15
1,70400,0.54828,0,1,0,0,0,0,0,0,0,0,0,0,1,0,0,0,0,0,0,0,cluster15
1,70300,0.655604,0,1,0,0,0,0,0,0,0,0,0,0,1,0,0,0,0,1,0,0,cluster15
1,70200,0.936151,0,1,0,0,0,0,0,0,0,0,0,0,1,0,0,0,0,1,0,0,cluster15
1,70100,0.927863,0,1,0,0,0,0,0,0,0,0,0,0,1,0,0,0,0,1,0,0,cluster15
1,70000,0.802751,0,1,0,0,0,0,0,0,0,0,0,0,1,0,0,0,1,1,0,0,cluster15
1,65900,1.01197,0,1,0,0,0,0,0,0,0,0,0,0,1,0,0,0,1,1,0,0,cluster15
0,230400,0,0,1,0,0,0,0,0,0,0,0,1,0,1,0,0,0,0,0,0,0,cluster15
0,225800,0.218216,0,1,0,0,0,0,0,0,0,0,0,0,1,0,0,0,0,0,0,1,cluster15
0,225700,0.364551,0,1,0,0,0,0,0,0,0,0,0,0,1,0,0,0,0,0,0,1,cluster15
0,225600,0.447083,0,1,0,0,0,0,0,0,0,0,0,0,1,0,0,0,0,0,0,1,cluster15
0,225500,0.516534,0,1,0,0,0,0,0,0,0,0,1,0,1,0,0,0,0,0,0,1,cluster15
0,225400,0.475,0,1,0,0,0,0,0,0,0,0,0,0,1,0,0,0,0,0,0,1,cluster15
0,223800,0.442583,0,1,0,0,0,0,0,0,0,0,0,0,1,0,0,0,0,0,0,1,cluster15
0,222400,0.34064,0,1,0,0,0,0,0,0,0,0,0,0,1,0,0,0,0,0,0,0,cluster15
0,222300,0.258334,0,1,0,0,0,0,0,0,0,0,0,0,1,0,0,0,0,0,0,1,cluster15
0,222200,0.487684,0,1,0,0,0,0,0,0,0,0,0,0,1,0,0,0,0,0,0,1,cluster15
0,222100,0.471115,0,1,0,0,0,0,0,0,0,0,0,0,1,0,0,0,0,0,0,1,cluster15
0,222000,0.362504,0,1,0,0,0,1,0,0,0,0,0,0,1,0,0,0,0,0,0,1,cluster15
1,74700,0.57795,0,1,0,0,0,1,0,0,0,0,0,0,1,0,0,0,1,0,0,0,cluster15
1,74600,0.830586,0,1,0,0,0,1,0,0,0,0,0,0,1,0,1,0,1,0,0,0,cluster15
1,74500,0.856037,0,1,0,0,0,1,0,0,0,0,0,0,1,0,1,0,0,0,0,0,cluster15
1,74400,0.810867,0,1,0,0,0,1,0,0,0,0,0,0,1,0,1,0,0,0,0,0,cluster15
1,74300,0.830016,0,1,0,0,0,1,0,0,0,0,0,0,1,0,1,0,0,0,0,0,cluster15
1,74200,0.83932,0,1,0,0,0,1,0,0,0,0,0,0,1,0,1,0,0,0,0,0,cluster15
1,74100,0.84278,0,1,0,0,0,1,0,0,0,0,0,0,1,0,1,0,1,0,0,0,cluster15
1,74000,0.984237,0,1,0,0,0,1,0,0,0,0,0,0,1,0,1,0,1,0,0,0,cluster15
1,73900,1.07148,0,1,0,0,0,1,0,0,0,0,0,0,1,0,1,0,1,0,0,0,cluster15
1,73800,1.08,0,1,0,0,0,1,0,0,0,0,0,0,1,0,1,0,1,0,0,0,cluster15
1,73700,1.09193,0,1,0,0,0,1,0,0,0,0,0,0,1,0,1,0,1,0,0,0,cluster15
1,73600,1.0938,0,1,0,0,0,1,0,0,0,0,0,0,1,0,1,0,1,0,0,0,cluster15
1,73500,1.07345,0,1,0,0,0,1,0,0,0,0,0,0,1,0,1,0,1,0,0,0,cluster15
1,73400,1.05505,0,1,0,0,0,1,0,0,0,0,0,0,1,0,1,0,1,0,0,0,cluster15
1,73300,0.679716,0,1,0,0,0,1,0,0,0,0,0,0,1,0,0,0,1,0,0,0,cluster15
1,73200,0.52023,0,1,0,0,0,1,0,0,0,0,0,0,1,0,0,0,1,0,0,0,cluster15
1,73100,0.663096,0,1,0,0,0,1,0,0,0,0,0,0,1,0,0,0,1,0,0,0,cluster15
1,73000,0.631703,0,1,0,0,0,1,0,0,0,0,0,0,1,0,0,0,1,0,0,0,cluster15
1,72900,0.680333,0,1,0,0,0,1,0,0,0,0,0,0,1,0,0,0,1,0,0,0,cluster15
1,72800,0.650884,0,1,0,0,0,0,0,0,0,0,0,0,1,0,0,0,0,0,0,0,cluster15
1,72700,0.551269,0,1,0,0,0,0,0,0,0,0,0,0,1,0,0,0,0,0,0,0,cluster15
1,72600,0.552966,0,1,0,0,0,0,0,0,0,0,0,0,1,0,0,0,0,0,0,0,cluster15
1,72500,0.807414,0,1,0,0,0,0,0,0,0,0,0,0,1,0,0,0,0,0,0,0,cluster15
1,72400,0.56113,0,1,0,0,0,0,0,0,0,0,0,0,1,0,0,0,0,0,0,0,cluster15
1,72300,0.50725,0,1,0,0,0,0,0,0,0,0,0,0,1,0,0,0,0,0,0,0,cluster15
1,72200,0.508499,0,1,0,0,0,0,0,0,0,0,0,0,1,0,0,0,0,0,0,0,cluster15
1,72100,0.243317,0,1,0,0,0,0,0,0,0,0,0,0,1,0,0,0,0,0,0,0,cluster15
1,72000,0,0,1,0,0,0,0,0,0,0,0,0,0,1,0,0,0,0,0,0,0,cluster15
1,71900,0.254834,0,1,0,0,0,0,0,0,0,0,0,0,1,0,0,0,0,0,0,0,cluster15
1,71800,0.483533,0,1,0,0,0,0,0,0,0,0,0,0,1,0,0,0,0,0,0,0,cluster15
1,71700,0.409866,0,1,0,0,0,0,0,0,0,0,0,0,1,0,0,0,0,0,0,0,cluster15
1,71600,0.347513,0,1,0,0,0,0,0,0,0,0,0,0,1,0,0,0,0,0,0,0,cluster15
1,71500,0.376087,0,1,0,0,0,0,0,0,0,0,0,0,1,0,0,0,0,0,0,0,cluster15
1,71400,0.37462,0,1,0,0,0,0,0,0,0,0,0,0,1,0,0,0,0,0,0,0,cluster15
1,71300,0.390752,0,1,0,0,0,0,0,0,0,0,0,0,1,0,0,0,0,0,0,0,cluster15
1,71200,0.33557,0,1,0,0,0,0,0,0,0,0,0,0,1,0,0,0,0,0,0,0,cluster15
1,71100,0.377654,0,1,0,0,0,0,0,0,0,0,0,0,1,0,0,0,0,0,0,0,cluster15
1,71000,0.326017,0,1,0,0,0,0,0,0,0,0,0,0,1,0,0,0,0,0,0,0,cluster15
1,70900,0.383183,0,1,0,0,0,0,0,0,0,0,0,0,1,0,0,0,0,0,0,0,cluster15
1,70800,0.3798,0,1,0,0,0,0,0,0,0,0,0,0,1,0,0,0,0,1,0,0,cluster15
1,70700,1.16973,0,1,0,0,0,0,0,0,0,0,0,0,1,0,0,0,0,0,0,0,cluster15
1,70600,0.324367,0,1,0,0,0,0,0,0,0,0,0,0,1,0,0,0,0,0,0,0,cluster15
1,70500,0.330283,0,1,0,0,0,0,0,0,0,0,0,0,1,0,0,0,0,0,0,0,cluster15
1,70400,0.28867,0,1,0,0,0,0,0,0,0,0,0,0,1,0,0,0,0,0,0,0,cluster15
1,70300,0.489683,0,1,0,0,0,0,0,0,0,0,0,0,1,0,0,0,0,1,0,0,cluster15
1,70200,0.943986,0,1,0,0,0,0,0,0,0,0,0,0,1,0,0,0,0,1,0,0,cluster15
1,70100,2.25305,0,1,0,0,0,0,0,0,0,0,0,0,1,0,0,0,0,1,0,0,cluster15
1,70000,2.29703,0,1,0,0,0,0,0,0,0,0,0,0,1,0,0,0,0,1,0,0,cluster15
1,65900,3.00602,0,1,0,0,0,0,0,0,0,0,0,0,1,0,0,0,0,1,0,0,cluster15
1,65800,1.37787,0,1,0,0,0,0,0,0,0,0,0,0,1,0,0,0,0,0,0,0,cluster15
1,65700,0.406433,0,1,0,0,0,0,0,0,0,0,0,0,1,0,0,0,0,0,0,0,cluster15
1,65600,0.414183,0,1,0,0,0,0,0,0,0,0,0,0,1,0,0,0,0,0,0,0,cluster15
1,65500,0.415417,0,1,0,0,0,0,0,0,0,0,0,0,1,0,0,0,0,0,0,0,cluster15
1,65400,0.412699,0,1,0,0,0,0,0,0,0,0,0,0,1,0,0,0,0,0,0,0,cluster15
1,65300,0.417133,0,1,0,0,0,0,0,0,0,0,0,0,1,0,0,0,0,0,0,0,cluster15
1,65200,0.412533,0,1,0,0,0,0,0,0,0,0,0,0,1,0,0,0,0,0,0,0,cluster15
1,65100,0.400033,0,1,0,0,0,0,0,0,0,0,0,0,1,0,0,0,0,0,0,0,cluster15
1,65000,0.4465,0,1,0,0,0,0,0,0,0,0,0,0,1,0,0,0,0,0,0,0,cluster15
1,64900,0.341949,0,1,0,0,0,0,0,0,0,0,0,0,1,0,0,0,0,0,0,0,cluster15
1,64800,0.337583,0,1,0,0,0,0,0,0,0,0,0,0,1,0,0,0,0,0,0,0,cluster15
1,64700,0.410184,0,1,0,0,0,0,0,0,0,0,0,0,1,0,0,0,0,0,0,0,cluster15
1,64600,0.402133,0,1,0,0,0,0,0,0,0,0,0,0,1,0,0,0,0,0,0,0,cluster15
1,64500,0.414817,0,1,0,0,0,0,0,0,0,0,0,0,1,0,0,0,0,0,0,0,cluster15
1,64400,0.405901,0,1,0,0,0,0,0,0,0,0,0,0,1,0,0,0,0,0,0,0,cluster15
1,64300,0.389,0,1,0,0,0,0,0,0,0,0,0,0,1,0,0,0,0,0,0,0,cluster15
1,64200,0.414767,0,1,0,0,0,0,0,0,0,0,0,0,1,0,0,0,0,0,0,0,cluster15
1,64100,0.392101,0,1,0,0,0,0,0,0,0,0,0,0,1,0,0,0,0,0,0,0,cluster15
1,64000,0.402034,0,1,0,0,0,0,0,0,0,0,0,0,1,0,0,0,0,0,0,0,cluster15
1,63900,0.415234,0,1,0,0,0,0,0,0,0,0,0,0,1,0,0,0,0,0,0,0,cluster15
1,63800,0.404883,0,1,0,0,0,0,0,0,0,0,0,0,1,0,0,0,0,0,0,0,cluster15
1,63700,0.404783,0,1,0,0,0,0,0,0,0,0,0,0,1,0,0,0,0,0,0,0,cluster15
1,63600,0.424883,0,1,0,0,0,0,0,0,0,0,0,0,1,0,0,0,0,0,0,0,cluster15
1,63500,0.411267,0,1,0,0,0,0,0,0,0,0,0,0,1,0,0,0,0,0,0,0,cluster15
1,63400,0.4131,0,1,0,0,0,0,0,0,0,0,0,0,1,0,0,0,0,0,0,0,cluster15
1,63300,0.461167,0,1,0,0,0,0,0,0,0,0,0,0,1,0,0,0,0,0,0,0,cluster15
1,63200,0.4312,0,1,0,0,0,0,0,0,0,0,0,0,1,0,0,0,0,0,0,0,cluster15
1,63100,0.5719,0,1,0,0,0,0,0,0,0,0,0,0,1,0,0,0,0,1,0,0,cluster15
1,63000,2.04917,0,1,0,0,0,0,0,0,0,0,0,0,1,0,0,0,0,1,0,0,cluster15
1,62900,1.98905,0,1,0,0,0,0,0,0,0,0,0,0,1,0,0,0,0,1,0,0,cluster15
1,62800,1.97987,0,1,0,0,0,0,0,0,0,0,0,0,1,0,0,0,0,1,0,0,cluster15
0,65800,0.604936,0,1,0,0,0,0,0,0,0,0,0,0,1,0,0,0,1,0,0,0,cluster15
0,65700,0.508404,0,1,0,0,0,0,0,0,0,0,0,0,1,0,0,0,1,0,0,0,cluster15
0,65600,0.598964,0,1,0,0,0,0,0,0,0,0,0,0,1,0,0,0,1,0,0,0,cluster15
0,65500,0.66023,0,1,0,0,0,0,0,0,0,0,0,0,1,0,0,0,1,0,0,0,cluster15
0,65400,0.676251,0,1,0,0,0,0,0,0,0,0,0,0,1,0,0,0,1,0,0,0,cluster15
0,65300,0.66478,0,1,0,0,0,0,0,0,0,0,0,0,1,0,0,0,1,0,0,0,cluster15
0,65200,0.678087,0,1,0,0,0,0,0,0,0,0,0,0,1,0,0,0,1,0,0,0,cluster15
0,65100,0.705266,0,1,0,0,0,0,0,0,0,0,0,0,1,0,1,0,1,0,0,0,cluster15
0,65000,0.761753,0,1,0,0,0,0,0,0,0,0,0,0,1,0,1,0,1,0,0,0,cluster15
0,64900,0.858547,0,1,0,0,0,0,0,0,0,0,0,0,1,0,1,0,1,0,0,0,cluster15
0,64800,0.874784,0,1,0,0,0,0,0,0,0,0,0,0,1,0,1,0,1,0,0,0,cluster15
0,64700,0.164467,0,1,0,0,0,0,0,0,0,0,0,0,1,0,1,0,1,0,0,0,cluster15
0,64600,0.410533,0,1,0,0,0,0,0,0,0,0,0,0,1,0,1,0,1,0,0,0,cluster15
0,64500,0.714717,0,1,0,0,0,0,0,0,0,0,0,0,1,0,1,0,1,0,0,0,cluster15
0,64400,0.676496,0,1,0,0,0,0,0,0,0,0,0,0,1,0,1,0,1,0,0,0,cluster15
0,64300,0.645386,0,1,0,0,0,0,0,0,0,0,0,0,1,0,1,0,1,0,0,0,cluster15
0,64200,0.67558,0,1,0,0,0,0,0,0,0,0,0,0,1,0,1,0,1,0,0,0,cluster15
0,64100,0.692113,0,1,0,0,0,0,0,0,0,0,0,0,1,0,1,0,1,0,0,0,cluster15
0,64000,0.797401,0,1,0,0,0,0,0,0,0,0,0,0,1,0,1,0,1,0,0,0,cluster15
0,63900,0.83322,0,1,0,0,0,0,0,0,0,0,0,0,1,0,1,0,1,0,0,0,cluster15
0,63800,0.852933,0,1,0,0,0,0,0,0,0,0,0,0,1,0,1,0,1,0,0,0,cluster15
0,63700,0.71835,0,1,0,0,0,0,0,0,0,0,0,0,1,0,1,0,1,0,0,0,cluster15
0,63600,0.70078,0,1,0,0,0,0,0,0,0,0,0,0,1,0,1,0,1,0,0,0,cluster15
0,63500,0.679667,0,1,0,0,0,0,0,0,0,0,0,0,1,0,1,0,1,0,0,0,cluster15
0,63400,0.679651,0,1,0,0,0,0,0,0,0,0,0,0,1,0,1,0,1,0,0,0,cluster15
0,63300,0.646867,0,1,0,0,0,0,0,0,0,0,0,0,1,0,1,0,1,0,0,0,cluster15
0,63200,0.638983,0,1,0,0,0,0,0,0,0,0,0,0,1,0,1,0,1,0,0,0,cluster15
0,63100,0.682564,0,1,0,0,0,0,0,0,0,0,0,0,1,0,1,0,1,0,0,0,cluster15
0,63000,0.64813,0,1,0,0,0,0,0,0,0,0,0,0,1,0,1,0,1,0,0,0,cluster15
0,62900,0.598767,0,1,0,0,0,0,0,0,0,0,0,0,1,0,1,0,1,0,0,0,cluster15
0,62800,0.404667,0,1,0,0,0,0,0,0,0,0,0,0,1,0,1,0,1,0,0,0,cluster15
0,74400,0.19412,0,1,0,0,0,0,0,0,0,0,0,0,1,0,0,0,0,0,0,0,cluster15
0,74300,0.203736,0,1,0,0,0,0,0,0,0,0,0,0,1,0,0,0,0,0,0,0,cluster15
0,74200,0.197486,0,1,0,0,0,0,0,0,0,0,0,0,1,0,0,0,0,0,0,0,cluster15
0,74100,0.355616,0,1,0,0,0,0,0,0,0,0,0,0,1,0,0,0,1,0,0,0,cluster15
0,74000,0.556253,0,1,0,0,0,0,0,0,0,0,0,0,1,0,0,0,1,0,0,0,cluster15
0,73900,0.559447,0,1,0,0,0,0,0,0,0,0,0,0,1,0,0,0,1,0,0,0,cluster15
0,73800,0.601267,0,1,0,0,0,0,0,0,0,0,0,0,1,0,0,0,1,0,0,0,cluster15
0,73700,0.637767,0,1,0,0,0,0,0,0,0,0,0,0,1,0,0,0,1,0,0,0,cluster15
0,73600,0.638983,0,1,0,0,0,0,0,0,0,0,0,0,1,0,0,0,1,0,0,0,cluster15
0,73500,0.572517,0,1,0,0,0,0,0,0,0,0,0,0,1,0,0,0,1,0,0,0,cluster15
0,73400,0.386417,0,1,0,0,0,0,0,0,0,0,0,0,1,0,0,0,0,0,0,0,cluster15
0,73300,0.382467,0,1,0,0,0,0,0,0,0,0,0,0,1,0,0,0,0,0,0,0,cluster15
0,73200,0.388084,0,1,0,0,0,0,0,0,0,0,0,0,1,0,0,0,0,0,0,0,cluster15
0,73100,0.387734,0,1,0,0,0,0,0,0,0,0,0,0,1,0,0,0,0,0,0,0,cluster15
0,73000,0.3845,0,1,0,0,0,0,0,0,0,0,0,0,1,0,0,0,0,0,0,0,cluster15
0,72900,0.394149,0,1,0,0,0,0,0,0,0,0,0,0,1,0,0,0,0,0,0,0,cluster15
0,72800,0.41385,0,1,0,0,0,0,0,0,1,0,0,0,1,0,0,0,0,0,0,0,cluster15
0,72700,0.429467,0,1,0,0,0,0,0,0,1,0,0,0,1,0,0,0,0,0,0,0,cluster15
0,72600,0.386967,0,1,0,0,0,0,0,0,0,0,0,0,1,0,0,0,0,0,0,0,cluster15
0,72500,0.38305,0,1,0,0,0,0,0,0,0,0,0,0,1,0,0,0,0,0,0,0,cluster15
0,72400,0.383867,0,1,0,0,0,0,0,0,0,0,0,0,1,0,0,0,0,0,0,0,cluster15
0,72300,0.386116,0,1,0,0,0,0,0,0,0,0,0,0,1,0,0,0,0,0,0,0,cluster15
0,72200,0.395867,0,1,0,0,0,0,0,0,0,0,0,0,1,0,0,0,0,0,0,0,cluster15
0,72100,0.411484,0,1,0,0,0,0,0,0,1,0,0,0,1,0,0,0,0,0,0,0,cluster15
0,72000,0.435167,0,1,0,0,0,0,0,0,1,0,0,0,1,0,0,0,0,0,0,0,cluster15
0,71900,0.411083,0,1,0,0,0,0,0,0,1,0,0,0,1,0,0,0,0,0,0,0,cluster15
0,71800,0.401767,0,1,0,0,0,0,0,0,1,0,0,0,1,0,0,0,0,0,0,0,cluster15
0,71700,0.368116,0,1,0,0,0,0,0,0,0,0,0,0,1,0,0,0,0,0,0,0,cluster15
0,71600,0.386066,0,1,0,0,0,0,0,0,0,0,0,0,1,0,0,0,0,0,0,0,cluster15
0,71500,0.459867,0,1,0,0,0,0,0,0,0,0,0,0,1,0,0,0,0,0,0,0,cluster15
1,185300,0.184217,0,1,0,0,0,0,0,0,0,0,0,0,1,0,0,0,0,0,0,0,cluster15
1,185200,0.187463,0,1,0,0,0,0,0,0,0,0,0,0,1,0,0,0,0,0,0,0,cluster15
1,185100,0.204513,0,1,0,0,0,0,0,0,0,0,0,0,1,0,0,0,0,0,0,0,cluster15
1,185000,0.298735,0,1,0,0,0,0,0,0,0,0,0,0,1,0,0,0,0,0,0,0,cluster15
1,184900,0.346913,0,1,0,0,0,0,0,0,0,0,0,0,1,0,0,0,0,0,0,0,cluster15
1,184800,0.35732,0,1,0,0,0,0,0,0,1,0,0,0,1,0,0,0,0,0,0,0,cluster15
1,184700,0.336337,0,1,0,0,0,0,0,0,0,0,0,0,1,0,0,0,0,0,0,0,cluster15
1,184600,0.331453,0,1,0,0,0,0,0,0,0,0,0,0,1,0,0,0,0,0,0,0,cluster15
1,184500,0.344263,0,1,0,0,0,0,0,0,0,0,0,0,1,0,0,0,0,0,0,0,cluster15
1,184400,0.331266,0,1,0,0,0,0,0,0,0,0,0,0,1,0,0,0,0,0,0,0,cluster15
1,184300,0.350204,0,1,0,0,0,0,0,0,0,0,0,0,1,0,0,0,0,0,0,0,cluster15
1,184200,0.350482,0,1,0,0,0,0,0,0,0,0,0,0,1,0,0,0,0,0,0,0,cluster15
1,184100,0.334233,0,1,0,0,0,0,0,0,0,0,0,0,1,0,0,0,0,0,0,0,cluster15
1,184000,0.331197,0,1,0,0,0,0,0,0,0,0,0,0,1,0,0,0,0,0,0,0,cluster15
1,183900,0.351466,0,1,0,0,0,0,0,0,0,0,0,0,1,0,0,0,0,0,0,0,cluster15
1,183800,0.34447,0,1,0,0,0,0,0,0,0,0,0,0,1,0,0,0,0,0,0,0,cluster15
1,183700,0.35618,0,1,0,0,0,0,0,0,0,0,0,0,1,0,0,0,0,0,0,0,cluster15
1,183600,0.330767,0,1,0,0,0,0,0,0,0,0,0,0,1,0,0,0,0,0,0,0,cluster15
1,183500,0.330871,0,1,0,0,0,0,0,0,0,0,0,0,1,0,0,0,0,0,0,0,cluster15
1,183400,0.349003,0,1,0,0,0,0,0,0,0,0,0,0,1,0,0,0,0,0,0,0,cluster15
1,183300,0.340453,0,1,0,0,0,0,0,0,0,0,0,0,1,0,0,0,0,0,0,0,cluster15
1,183200,0.31642,0,1,0,0,0,0,0,0,0,0,0,0,1,0,0,0,0,0,0,0,cluster15
1,183100,0.352003,0,1,0,0,0,0,0,0,0,0,0,0,1,0,0,0,0,0,0,0,cluster15
1,183000,0.340413,0,1,0,0,0,0,0,0,0,0,0,0,1,0,0,0,0,0,0,0,cluster15
1,182900,0.340883,0,1,0,0,0,0,0,0,0,0,0,0,1,0,0,0,0,0,0,0,cluster15
1,182800,0.363584,0,1,0,0,0,0,0,0,0,0,0,0,1,0,0,0,0,0,0,0,cluster15
1,182700,0.488413,0,1,0,0,0,0,0,0,0,0,0,0,1,0,0,0,0,0,0,0,cluster15
1,182600,0.608587,0,1,0,0,0,0,0,0,0,0,0,0,1,0,0,0,0,1,0,0,cluster15
1,182500,0.538086,0,1,0,0,0,0,0,0,0,0,0,0,1,0,0,0,0,1,0,0,cluster15
1,191500,0.652347,0,1,0,0,0,0,0,0,0,0,0,0,1,0,1,0,1,0,0,0,cluster15
1,191400,0.655687,0,1,0,0,0,0,0,0,0,0,0,0,1,0,1,0,1,0,0,0,cluster15
1,191300,0.59842,0,1,0,0,0,0,0,0,0,0,0,0,1,0,1,0,1,0,0,0,cluster15
1,191200,0.634263,0,1,0,0,0,0,0,0,0,0,0,0,1,0,1,0,1,0,0,0,cluster15
1,191100,0.630864,0,1,0,0,0,0,0,0,0,0,0,0,1,0,1,0,1,0,0,0,cluster15
1,191000,0.633904,0,1,0,0,0,0,0,0,0,0,0,0,1,0,1,0,1,0,0,0,cluster15
1,190900,0.65118,0,1,0,0,0,0,0,0,0,0,0,0,1,0,1,0,1,0,0,0,cluster15
1,190800,0.644699,0,1,0,0,0,0,0,0,0,0,0,0,1,0,1,0,1,0,0,0,cluster15
1,190700,0.680587,0,1,0,0,0,0,0,0,0,0,0,0,1,0,1,0,1,0,0,0,cluster15
1,190600,0.72118,0,1,0,0,0,0,0,0,0,0,0,0,1,0,1,0,1,0,0,0,cluster15
1,91400,0,0,1,0,0,0,0,0,0,0,0,0,0,1,0,1,0,1,0,0,0,cluster15
1,91300,0,0,1,0,0,0,0,0,0,0,0,0,0,1,0,1,0,1,0,0,0,cluster15
1,91200,0.38745,0,1,0,0,0,0,0,0,0,0,0,0,1,0,1,0,1,0,0,0,cluster15
1,91100,0.334223,0,1,0,0,0,0,0,0,0,0,0,0,1,0,0,0,1,0,0,0,cluster15
1,91000,0.3201,0,1,0,0,0,0,0,0,0,0,0,0,1,0,0,0,1,0,0,0,cluster15
1,90900,0.319303,0,1,0,0,0,0,0,0,0,0,0,0,1,0,0,0,1,0,0,0,cluster15
1,90800,0.32235,0,1,0,0,0,0,0,0,0,0,0,0,1,0,0,0,1,0,0,0,cluster15
1,90700,0.337703,0,1,0,0,0,0,0,0,0,0,0,0,1,0,0,0,1,0,0,0,cluster15
1,90600,0.317284,0,1,0,0,0,0,0,0,0,0,0,0,1,0,0,0,1,0,0,0,cluster15
1,90500,0.320133,0,1,0,0,0,0,0,0,0,0,0,0,1,0,0,0,1,0,0,0,cluster15
1,90400,0.392763,0,1,0,0,0,0,0,0,0,0,0,0,1,0,0,0,1,0,0,0,cluster15
1,90300,0.421577,0,1,0,0,0,0,0,0,0,0,0,0,1,0,0,0,1,0,0,0,cluster15
1,90200,0.414683,0,1,0,0,0,0,0,0,0,0,0,0,1,0,0,0,1,0,0,0,cluster15
1,90100,0.340269,0,1,0,0,0,0,0,0,0,0,0,0,1,0,0,0,1,0,0,0,cluster15
1,90000,0.295184,0,1,0,0,0,0,0,0,0,0,0,0,1,0,0,0,1,0,0,0,cluster15
1,85900,0.23141,0,1,0,0,0,0,0,0,0,0,0,0,1,0,0,0,1,0,0,0,cluster15
1,85800,0.240766,0,1,0,0,0,0,0,0,0,0,0,0,1,0,0,0,1,0,0,0,cluster15
1,85700,0.602597,0,1,0,0,0,0,0,0,0,0,0,0,1,0,0,0,1,0,0,0,cluster15
1,85600,0.621327,0,1,0,0,0,0,0,0,1,0,0,0,1,0,0,0,1,0,0,0,cluster15
1,85500,0.662963,0,1,0,0,0,0,0,0,1,0,0,0,1,0,0,0,1,0,0,0,cluster15
1,85400,0.644537,0,1,0,0,0,0,0,0,0,0,0,0,1,0,0,0,1,0,0,0,cluster15
1,85300,0.634234,0,1,0,0,0,0,0,0,0,0,0,0,1,0,0,0,1,0,0,0,cluster15
1,85200,0.636417,0,1,0,0,0,0,0,0,0,0,0,0,1,0,0,0,1,0,0,0,cluster15
1,85100,0.672466,0,1,0,0,0,1,0,0,0,0,0,0,1,0,0,0,1,0,0,0,cluster15
1,85000,0.722216,0,1,0,0,0,1,0,0,0,0,0,0,1,0,0,0,1,0,0,0,cluster15
1,84900,0.769437,0,1,0,0,0,1,0,0,0,0,0,0,1,0,0,0,1,0,0,0,cluster15
1,84800,0.744333,0,1,0,0,0,1,0,0,0,0,0,0,1,0,0,0,1,0,0,0,cluster15
1,84700,0.747731,0,1,0,0,0,1,0,0,0,0,0,0,1,0,0,0,1,0,0,0,cluster15
1,84600,0.755066,0,1,0,0,0,1,0,0,0,0,0,0,1,0,0,0,1,0,0,0,cluster15
1,84500,0.747883,0,1,0,0,0,1,0,0,0,0,0,0,1,0,0,0,1,0,0,0,cluster15
1,84400,0.709899,0,1,0,0,0,1,0,0,0,0,0,0,1,0,0,0,1,0,0,0,cluster15
1,84300,0.68272,0,1,0,0,0,0,0,0,0,0,0,0,1,0,0,0,1,0,0,0,cluster15
1,84200,0.694037,0,1,0,0,0,0,0,0,0,0,0,0,1,0,0,0,1,0,0,0,cluster15
1,84100,0.503249,0,1,0,0,0,0,0,0,0,0,0,0,1,0,1,0,0,0,0,0,cluster15
1,84000,0.540266,0,1,0,0,0,0,0,0,0,0,0,0,1,0,1,0,0,0,0,0,cluster15
1,83900,0.55997,0,1,0,0,0,0,0,0,0,0,0,0,1,0,1,0,0,0,0,0,cluster15
1,83800,0.541083,0,1,0,0,0,0,0,0,0,0,0,0,1,0,1,0,0,0,0,0,cluster15
1,83700,0.54842,0,1,0,0,0,0,0,0,0,0,0,0,1,0,1,0,0,0,0,0,cluster15
1,83600,0.55512,0,1,0,0,0,0,0,0,0,0,0,0,1,0,1,0,0,0,0,0,cluster15
1,83500,0.56953,0,1,0,0,0,0,0,0,0,0,0,0,1,0,1,0,0,0,0,0,cluster15
1,83400,0.56463,0,1,0,0,0,0,0,0,0,0,0,0,1,0,1,0,0,0,0,0,cluster15
1,83300,0.56448,0,1,0,0,0,0,0,0,0,0,0,0,1,0,1,0,0,0,0,0,cluster15
1,83200,0.579537,0,1,0,0,0,0,0,0,0,0,0,0,1,0,1,0,0,0,0,0,cluster15
1,83100,0.557046,0,1,0,0,0,0,0,0,0,0,0,0,1,0,1,0,0,0,0,0,cluster15
1,83000,0.580753,0,1,0,0,0,0,0,0,0,0,0,0,1,0,1,0,0,0,0,0,cluster15
1,82900,0.608336,0,1,0,0,0,0,0,0,0,0,0,0,1,0,1,0,0,0,0,0,cluster15
1,82800,0.616233,0,1,0,0,0,0,0,0,0,0,0,0,1,0,1,0,0,0,0,0,cluster15
1,82700,0.615664,0,1,0,0,0,0,0,0,0,0,0,0,1,0,1,0,0,0,0,0,cluster15
1,82600,0.616236,0,1,0,0,0,0,0,0,0,0,0,0,1,0,1,0,0,0,0,0,cluster15
1,82500,0.61568,0,1,0,0,0,0,0,0,0,0,0,0,1,0,1,0,0,0,0,0,cluster15
1,82400,0.59863,0,1,0,0,0,0,0,0,0,0,0,0,1,0,1,0,0,0,0,0,cluster15
1,82300,0.440413,0,1,0,0,0,0,0,0,0,0,0,0,1,0,1,0,0,0,0,0,cluster15
1,82200,0.418737,0,1,0,0,0,0,0,0,0,0,0,0,1,0,1,0,0,0,0,0,cluster15
1,82100,0.37307,0,1,0,0,0,0,0,0,0,0,0,0,1,0,1,0,0,0,0,0,cluster15
1,82000,0.338464,0,1,0,0,0,0,0,0,0,0,0,0,1,0,1,0,0,0,0,0,cluster15
1,81900,0.352133,0,1,0,0,0,0,0,0,0,0,0,0,1,0,1,0,0,0,0,0,cluster15
1,81800,0.2612,0,1,0,0,0,0,0,0,0,0,0,0,1,0,0,0,0,0,0,0,cluster15
1,81700,0.254447,0,1,0,0,0,0,0,0,0,0,0,0,1,0,0,0,0,0,0,0,cluster15
1,81600,0.26115,0,1,0,0,0,0,0,0,0,0,0,0,1,0,0,0,0,0,0,0,cluster15
1,81500,0.2639,0,1,0,0,0,0,0,0,0,0,0,0,1,0,0,0,0,0,0,0,cluster15
1,81400,0.261797,0,1,0,0,0,0,0,0,0,0,0,0,1,0,0,0,0,0,0,0,cluster15
1,81300,0.269203,0,1,0,0,0,0,0,0,0,0,0,0,1,0,0,0,0,0,0,0,cluster15
1,81200,0.272897,0,1,0,0,0,0,0,0,0,0,0,0,1,0,0,0,0,0,0,0,cluster15
1,81100,0.270303,0,1,0,0,0,0,0,0,0,0,0,0,1,0,0,0,0,0,0,0,cluster15
1,81000,0.265866,0,1,0,0,0,0,0,0,0,0,0,0,1,0,0,0,0,0,0,0,cluster15
1,80900,0.255697,0,1,0,0,0,0,0,0,0,0,0,0,1,0,0,0,0,0,0,0,cluster15
1,80800,0.259383,0,1,0,0,0,0,0,0,0,0,0,0,1,0,0,0,0,0,0,0,cluster15
1,80700,0.258283,0,1,0,0,0,0,0,0,0,0,0,0,1,0,0,0,0,0,0,0,cluster15
1,80600,0.254434,0,1,0,0,0,0,0,0,0,0,0,0,1,0,0,0,0,0,0,0,cluster15
1,80500,0.253504,0,1,0,0,0,0,0,0,0,0,0,0,1,0,0,0,0,0,0,0,cluster15
1,80400,0.25698,0,1,0,0,0,0,0,0,0,0,0,0,1,0,0,0,0,0,0,0,cluster15
1,80300,0.312213,0,1,0,0,0,0,0,0,0,0,0,0,1,0,0,0,0,0,0,0,cluster15
1,80200,0.37465,0,1,0,0,0,0,0,0,0,0,0,0,1,0,0,0,0,0,0,0,cluster15
1,80100,0.545617,0,1,0,0,0,0,0,0,0,0,0,0,1,0,1,0,0,0,0,0,cluster15
1,80000,0.88613,0,1,0,0,0,0,0,0,0,0,0,0,1,0,1,0,1,0,0,0,cluster15
1,75900,0.87495,0,1,0,0,0,0,0,0,0,0,0,0,1,0,1,0,1,0,0,0,cluster15
1,75800,0.797697,0,1,0,0,0,0,0,0,0,0,0,0,1,0,1,0,1,0,0,0,cluster15
1,75700,0.6554,0,1,0,0,0,0,0,0,0,0,0,0,1,0,1,0,0,0,0,0,cluster15
1,75600,0.660884,0,1,0,0,0,0,0,0,0,0,0,0,1,0,1,0,0,0,0,0,cluster15
1,75500,0.650817,0,1,0,0,0,0,0,0,0,0,0,0,1,0,1,0,0,0,0,0,cluster15
1,75400,0.6591,0,1,0,0,0,0,0,0,0,0,0,0,1,0,1,0,0,0,0,0,cluster15
1,75300,0.659863,0,1,0,0,0,0,0,0,0,0,0,0,1,0,1,0,0,0,0,0,cluster15
1,75200,0.765614,0,1,0,0,0,0,0,0,0,0,0,0,1,0,1,0,0,0,0,0,cluster15
1,75100,0.861646,0,1,0,0,0,0,0,0,0,0,0,0,1,0,1,0,1,0,0,0,cluster15
1,75000,0.473584,0,1,0,0,0,0,0,0,0,0,0,0,1,0,0,0,0,0,0,0,cluster15
1,74900,0.384166,0,1,0,0,0,0,0,0,0,0,0,0,1,0,0,0,0,0,0,0,cluster15
1,74800,0.378834,0,1,0,0,0,0,0,0,0,0,0,0,1,0,0,0,0,0,0,0,cluster15
1,74700,0.382066,0,1,0,0,0,0,0,0,0,0,0,0,1,0,0,0,0,0,0,0,cluster15
1,74600,0.395034,0,1,0,0,0,0,0,0,0,0,0,0,1,0,0,0,0,0,0,0,cluster15
1,74500,0.387434,0,1,0,0,0,0,0,0,0,0,0,0,1,0,0,0,0,0,0,0,cluster15
1,74400,0.39085,0,1,0,0,0,0,0,0,0,0,0,0,1,0,0,0,0,0,0,0,cluster15
1,74300,0.395867,0,1,0,0,0,0,0,0,0,0,0,0,1,0,0,0,0,0,0,0,cluster15
1,74200,0.391249,0,1,0,0,0,0,0,0,0,0,0,0,1,0,0,0,0,0,0,0,cluster15
1,74100,0.434267,0,1,0,0,0,0,0,0,0,0,0,0,1,0,0,0,0,0,0,0,cluster15
1,74000,0.53653,0,1,0,0,0,0,0,0,0,0,0,0,1,0,0,0,0,0,0,0,cluster15
1,73900,0.529783,0,1,0,0,0,0,0,0,0,0,0,0,1,0,0,0,0,0,0,0,cluster15
1,73800,0.535682,0,1,0,0,0,0,0,0,0,0,0,0,1,0,0,0,0,0,0,0,cluster15
1,73700,0.547032,0,1,0,0,0,0,0,0,0,0,0,0,1,0,0,0,0,0,0,0,cluster15
1,73600,0.530766,0,1,0,0,0,0,0,0,0,0,0,0,1,0,0,0,0,0,0,0,cluster15
1,73500,0.593397,0,1,0,0,0,0,0,0,0,0,0,0,1,0,1,0,0,0,0,0,cluster15
1,73400,0.58938,0,1,0,0,0,0,0,0,0,0,0,0,1,0,1,0,0,0,0,0,cluster15
1,73300,0.686134,0,1,0,0,0,0,0,0,0,0,0,0,1,0,1,0,0,0,0,0,cluster15
1,114600,0.275551,0,1,0,0,0,0,0,0,0,0,0,0,1,0,0,0,0,0,0,0,cluster15
1,114500,0.197083,0,1,0,0,0,0,0,0,0,0,0,0,1,0,0,0,0,0,0,0,cluster15
1,114400,0.209183,0,1,0,0,0,0,0,0,0,0,0,0,1,0,0,0,0,0,0,0,cluster15
1,114300,0.216333,0,1,0,0,0,1,0,0,0,0,0,0,1,0,0,0,0,0,0,0,cluster15
1,114200,0.201516,0,1,0,0,0,0,0,0,0,0,0,0,1,0,0,0,0,0,0,0,cluster15
1,114100,0.187333,0,1,0,0,0,0,0,0,0,0,0,0,1,0,0,0,0,0,0,0,cluster15
1,114000,0.190401,0,1,0,0,0,0,0,0,0,0,0,0,1,0,0,0,0,0,0,0,cluster15
1,113900,0.208066,0,1,0,0,0,0,0,0,0,0,0,0,1,0,0,0,0,0,0,0,cluster15
1,113800,0.181117,0,1,0,0,0,0,0,0,0,0,0,0,1,0,0,0,0,0,0,0,cluster15
1,113700,0.180349,0,1,0,0,0,0,0,0,0,0,0,0,1,0,0,0,0,0,0,0,cluster15
1,113600,0.186067,0,1,0,0,0,0,0,0,0,0,0,0,1,0,0,0,0,0,0,0,cluster15
1,113500,0.207833,0,1,0,0,0,0,0,0,0,0,0,0,1,0,0,0,0,0,0,0,cluster15
1,113400,0.209399,0,1,0,0,0,0,0,0,0,0,0,0,1,0,0,0,0,0,0,0,cluster15
1,113300,0.260967,0,1,0,0,0,0,0,0,0,0,0,0,1,0,0,0,0,0,0,0,cluster15
1,113200,0.272666,0,1,0,0,0,0,0,0,0,0,0,0,1,0,0,0,0,0,0,0,cluster15
1,113100,0.267383,0,1,0,0,0,0,0,0,0,0,0,0,1,0,0,0,0,0,0,0,cluster15
1,113000,0.322883,0,1,0,0,0,0,0,0,0,0,0,0,1,0,0,0,0,0,0,0,cluster15
1,112900,0.35515,0,1,0,0,0,0,0,0,0,0,0,0,1,0,0,0,0,0,0,0,cluster15
1,112800,0.391983,0,1,0,0,0,0,0,0,0,0,0,0,1,0,0,0,0,0,0,0,cluster15
1,112700,0.392184,0,1,0,0,0,0,0,0,0,0,0,0,1,0,0,0,0,0,0,0,cluster15
1,112600,0.391833,0,1,0,0,0,0,0,0,0,0,0,0,1,0,0,0,0,0,0,0,cluster15
1,112500,0.389432,0,1,0,0,0,0,0,0,0,0,0,0,1,0,0,0,0,0,0,0,cluster15
1,112400,0.402966,0,1,0,0,0,0,0,0,0,0,0,0,1,0,0,0,0,0,0,0,cluster15
1,112300,0.4031,0,1,0,0,0,0,0,0,0,0,0,0,1,0,0,0,0,0,0,0,cluster15
1,112200,0.236685,0,1,0,0,0,0,0,0,0,0,0,0,1,0,0,0,0,0,0,0,cluster15
1,112100,0.238983,0,1,0,0,0,0,0,0,0,0,0,0,1,0,0,0,0,0,0,0,cluster15
1,112000,0.24865,0,1,0,0,0,0,0,0,0,0,0,0,1,0,0,0,0,0,0,0,cluster15
1,111900,0.235085,0,1,0,0,0,0,0,0,0,0,0,0,1,0,0,0,0,0,0,0,cluster15
1,111800,0.224667,0,1,0,0,0,0,0,0,0,0,0,0,1,0,0,0,0,0,0,0,cluster15
1,111700,0.227416,0,1,0,0,0,0,0,0,0,0,0,0,1,0,0,0,0,0,0,0,cluster15
1,111600,0.237151,0,1,0,0,0,0,0,0,0,0,0,0,1,0,0,0,0,0,0,0,cluster15
1,111500,0.230317,0,1,0,0,0,0,0,0,0,0,0,0,1,0,0,0,0,0,0,0,cluster15
1,111400,0.229749,0,1,0,0,0,0,0,0,0,0,0,0,1,0,0,0,0,0,0,0,cluster15
1,111300,0.233333,0,1,0,0,0,0,0,0,0,0,0,0,1,0,0,0,0,0,0,0,cluster15
1,111200,0.2289,0,1,0,0,0,0,0,0,0,0,0,0,1,0,0,0,0,0,0,0,cluster15
1,111100,0.222782,0,1,0,0,0,0,0,0,0,0,0,0,1,0,0,0,0,0,0,0,cluster15
1,111000,0.24475,0,1,0,0,0,1,0,0,0,0,0,0,1,0,0,0,0,0,0,0,cluster15
1,110900,0.275066,0,1,0,0,0,1,0,0,0,0,0,0,1,0,0,0,0,0,0,0,cluster15
1,110800,0.283183,0,1,0,0,0,1,0,0,0,0,0,0,1,0,0,0,0,0,0,0,cluster15
1,110700,0.22125,0,1,0,0,0,0,0,0,0,0,0,0,1,0,0,0,0,0,0,0,cluster15
1,110600,0.232417,0,1,0,0,0,0,0,0,0,0,0,0,1,0,0,0,0,0,0,0,cluster15
1,110500,0.2251,0,1,0,0,0,0,0,0,0,0,0,0,1,0,0,0,0,0,0,0,cluster15
1,110400,0.226584,0,1,0,0,0,0,0,0,0,0,0,0,1,0,0,0,0,0,0,0,cluster15
1,110300,0.225966,0,1,0,0,0,0,0,0,0,0,0,0,1,0,0,0,0,0,0,0,cluster15
1,110200,0.240317,0,1,0,0,0,0,0,0,0,0,0,0,1,0,0,0,0,0,0,0,cluster15
1,110100,0.355233,0,1,0,0,0,0,0,0,0,0,0,0,1,0,0,0,0,0,0,0,cluster15
1,110000,0.364834,0,1,0,0,0,0,0,0,0,0,0,0,1,0,0,0,0,0,0,0,cluster15
1,105900,0.596367,0,1,0,0,0,0,0,0,0,0,0,0,1,0,0,0,0,0,0,0,cluster15
1,105800,0.588067,0,1,0,0,0,0,0,0,0,0,0,0,1,0,0,0,0,1,0,0,cluster15
1,105700,0.604283,0,1,0,0,0,0,0,0,0,0,0,0,1,0,0,0,0,1,0,0,cluster15
1,105600,0.592949,0,1,0,0,0,0,0,0,0,0,0,0,1,0,0,0,0,1,0,0,cluster15
1,105500,0.622617,0,1,0,0,0,0,0,0,0,0,0,0,1,0,0,0,0,1,0,0,cluster15
1,105400,0.354649,0,1,0,0,0,0,0,0,0,0,0,0,1,0,0,0,0,0,0,0,cluster15
1,105300,0.333534,0,1,0,0,0,0,0,0,0,0,0,0,1,0,0,0,0,0,0,0,cluster15
1,105200,0.342048,0,1,0,0,0,0,0,0,0,0,0,0,1,0,0,0,0,0,0,0,cluster15
1,105100,0.3499,0,1,0,0,0,0,0,0,0,0,0,0,1,0,0,0,0,0,0,0,cluster15
1,105000,0.281616,0,1,0,0,0,0,0,0,0,0,0,0,1,0,0,0,0,0,0,0,cluster15
1,104900,0.251067,0,1,0,0,0,0,0,0,0,0,0,0,1,0,0,0,0,0,0,0,cluster15
1,104800,0.340784,0,1,0,0,0,0,0,0,0,0,0,0,1,0,0,0,0,0,0,0,cluster15
1,90100,0.261732,0,1,0,0,0,0,0,0,0,0,0,0,1,0,0,0,0,0,0,0,cluster15
1,73300,0.42375,0,1,0,0,0,0,0,0,0,0,0,0,1,0,0,0,0,0,0,0,cluster15
1,73200,0.538167,0,1,0,0,0,0,0,0,0,0,0,0,1,0,0,0,0,0,1,0,cluster15
1,73100,0.44345,0,1,0,0,0,0,0,0,0,0,0,0,1,0,0,0,0,0,0,0,cluster15
1,73000,1.80207,0,1,0,0,0,0,0,0,0,0,0,0,1,0,0,0,0,1,0,0,cluster15
1,72900,2.007,0,1,0,0,0,0,0,0,0,0,0,0,1,0,0,0,0,1,1,0,cluster15
1,72800,1.84495,0,1,0,0,0,0,0,0,1,0,0,0,1,0,0,0,0,1,0,0,cluster15
1,72700,1.15128,0,1,0,0,0,0,0,0,0,0,0,0,1,0,0,0,0,1,1,0,cluster15
1,173700,0.354733,0,1,0,0,0,0,0,0,0,0,0,0,1,0,0,0,0,0,0,0,cluster15
1,173600,0.292382,0,1,0,0,0,0,0,0,0,0,0,0,1,0,0,0,0,0,0,0,cluster15
1,173500,0.240632,0,1,0,0,0,0,0,0,0,0,0,0,1,0,0,0,0,0,0,0,cluster15
1,91000,0.227266,0,1,0,0,0,0,0,0,0,0,0,0,1,0,0,0,0,0,0,0,cluster15
1,90900,0.312984,0,1,0,0,0,0,0,0,0,0,0,0,1,0,0,0,0,0,0,0,cluster15
1,90800,0.525316,0,1,0,0,0,0,0,0,0,0,0,0,1,0,0,0,0,0,1,0,cluster15
1,90700,0.304801,0,1,0,0,0,0,0,0,0,0,0,0,1,0,0,0,0,0,0,0,cluster15
1,90600,0.306101,0,1,0,0,0,0,0,0,0,0,0,0,1,0,0,0,0,0,0,0,cluster15
1,90500,0.511616,0,1,0,0,0,0,0,0,0,0,0,0,1,0,0,0,0,0,1,0,cluster15
1,90400,0.345017,0,1,0,0,0,0,0,0,0,0,0,0,1,0,0,0,0,0,0,0,cluster15
1,90300,0.421316,0,1,0,0,0,0,0,0,0,0,0,0,1,0,0,0,0,0,1,0,cluster15
1,90200,0.403867,0,1,0,0,0,0,0,0,0,0,0,0,1,0,0,0,0,0,1,0,cluster15
1,90100,0.31895,0,1,0,0,0,0,0,0,0,0,0,0,1,0,0,0,0,0,0,0,cluster15
1,90000,0.493084,0,1,0,0,0,0,0,0,0,0,0,0,1,0,0,0,0,0,1,0,cluster15
1,85900,0.31755,0,1,0,0,0,0,0,0,0,0,0,0,1,0,0,0,0,0,0,0,cluster15
1,85800,0.317117,0,1,0,0,0,0,0,0,0,0,0,0,1,0,0,0,0,0,0,0,cluster15
1,85700,0.565533,0,1,0,0,0,0,0,0,0,0,0,0,1,0,0,0,0,0,1,0,cluster15
1,85600,0.472399,0,1,0,0,0,0,0,0,0,0,0,0,1,0,0,0,0,0,0,0,cluster15
1,85500,0.567217,0,1,0,0,0,0,0,0,0,0,0,0,1,0,0,0,0,0,1,0,cluster15
1,85400,0.573417,0,1,0,0,0,0,0,0,0,0,0,0,1,0,0,0,0,0,1,0,cluster15
1,85300,0.3761,0,1,0,0,0,0,0,0,0,0,0,0,1,0,0,0,0,0,0,0,cluster15
1,85200,0.576301,0,1,0,0,0,0,0,0,0,0,0,0,1,0,0,0,0,0,1,0,cluster15
1,85100,0.390751,0,1,0,0,0,0,0,0,0,0,0,0,1,0,0,0,0,0,0,0,cluster15
1,85000,0.43235,0,1,0,0,0,0,0,0,0,0,0,0,1,0,0,0,0,0,0,0,cluster15
1,84900,0.634383,0,1,0,0,0,0,0,0,0,0,0,0,1,0,0,0,0,0,1,0,cluster15
1,84800,0.434184,0,1,0,0,0,0,0,0,0,0,0,0,1,0,0,0,0,0,0,0,cluster15
1,84700,0.526983,0,1,0,0,0,0,0,0,0,0,0,0,1,0,0,0,0,0,1,0,cluster15
1,84600,0.425466,0,1,0,0,0,0,0,0,0,0,0,0,1,0,0,0,0,0,1,0,cluster15
1,84500,0.262284,0,1,0,0,0,0,0,0,0,0,0,0,1,0,0,0,0,0,0,0,cluster15
1,84400,0.461684,0,1,0,0,0,0,0,0,0,0,0,0,1,0,0,0,0,0,1,0,cluster15
1,84300,0.27355,0,1,0,0,0,0,0,0,0,0,0,0,1,0,0,0,0,0,0,0,cluster15
1,84200,0.265,0,1,0,0,0,0,0,0,0,0,0,0,1,0,0,0,0,0,0,0,cluster15
1,84100,0.4099,0,1,0,0,0,0,0,0,0,0,0,0,1,0,0,0,0,0,1,0,cluster15
1,84000,0.208933,0,1,0,0,0,0,0,0,0,0,0,0,1,0,0,0,0,0,0,0,cluster15
1,83900,0.258317,0,1,0,0,0,0,0,0,0,0,0,0,1,0,0,0,0,0,1,0,cluster15
1,83800,0.343617,0,1,0,0,0,0,0,0,0,0,0,0,1,0,0,0,0,0,1,0,cluster15
1,83700,0.201199,0,1,0,0,0,0,0,0,0,0,0,0,1,0,0,0,0,0,0,0,cluster15
1,83600,0.39375,0,1,0,0,0,0,0,0,0,0,0,0,1,0,0,0,0,0,1,0,cluster15
1,83500,0.212732,0,1,0,0,0,0,0,0,0,0,0,0,1,0,0,0,0,0,0,0,cluster15
1,83400,0.194367,0,1,0,0,0,0,0,0,0,0,0,0,1,0,0,0,0,0,0,0,cluster15
1,83300,0.399667,0,1,0,0,0,0,0,0,0,0,0,0,1,0,0,0,0,0,1,0,cluster15
1,83200,0.203617,0,1,0,0,0,0,0,0,0,0,0,0,1,0,0,0,0,0,0,0,cluster15
1,83100,0.235883,0,1,0,0,0,0,0,0,0,0,0,0,1,0,0,0,0,0,1,0,cluster15
1,83000,0.36685,0,1,0,0,0,0,0,0,0,0,0,0,1,0,0,0,0,0,1,0,cluster15
1,82900,0.213999,0,1,0,0,0,0,0,0,0,0,0,0,1,0,0,0,0,0,0,0,cluster15
1,82800,0.406966,0,1,0,0,0,0,0,0,0,0,0,0,1,0,0,0,0,0,1,0,cluster15
1,82700,0.226533,0,1,0,0,0,0,0,0,0,0,0,0,1,0,0,0,0,0,0,0,cluster15
1,82600,0.22,0,1,0,0,0,0,0,0,0,0,0,0,1,0,0,0,0,0,0,0,cluster15
1,82500,0.496484,0,1,0,0,0,0,0,0,0,0,0,0,1,0,0,0,0,0,1,0,cluster15
1,82400,0.326417,0,1,0,0,0,0,0,0,0,0,0,0,1,0,0,0,0,0,0,0,cluster15
1,82300,0.383998,0,1,0,0,0,0,0,0,0,0,0,0,1,0,0,0,0,0,1,0,cluster15
1,82200,0.472183,0,1,0,0,0,0,0,0,0,0,0,0,1,0,0,0,0,0,1,0,cluster15
1,82100,0.337384,0,1,0,0,0,0,0,0,0,0,0,0,1,0,0,0,0,0,0,0,cluster15
1,82000,0.53005,0,1,0,0,0,0,0,0,0,0,0,0,1,0,0,0,0,0,1,0,cluster15
1,81900,0.353866,0,1,0,0,0,1,0,0,0,0,0,0,1,0,0,0,0,0,0,0,cluster15
1,81800,0.358234,0,1,0,0,0,1,0,0,0,0,0,0,1,0,0,0,0,0,0,0,cluster15
1,81700,0.603349,0,1,0,0,0,1,0,0,0,0,0,0,1,0,0,0,0,0,1,0,cluster15
1,81600,0.335584,0,1,0,0,0,1,0,0,0,0,0,0,1,0,0,0,0,0,0,0,cluster15
1,81500,0.4353,0,1,0,0,0,0,0,0,0,0,0,0,1,0,0,0,0,0,1,0,cluster15
1,81400,0.377132,0,1,0,0,0,0,0,0,0,0,0,0,1,0,0,0,0,0,1,0,cluster15
1,81300,0.316317,0,1,0,0,0,0,0,0,0,0,0,0,1,0,0,0,0,0,0,0,cluster15
1,81200,0.523417,0,1,0,0,0,0,0,0,0,0,0,0,1,0,0,0,0,0,1,0,cluster15
1,81100,0.314467,0,1,0,0,0,0,0,0,0,0,0,0,1,0,0,0,0,0,0,0,cluster15
1,81000,0.3154,0,1,0,0,0,0,0,0,0,0,0,0,1,0,0,0,0,0,0,0,cluster15
1,80900,0.608617,0,1,0,0,0,0,0,0,0,0,0,0,1,0,0,0,0,0,1,0,cluster15
1,80800,0.327616,0,1,0,0,0,0,0,0,0,0,0,0,1,0,0,0,0,0,0,0,cluster15
1,80700,0.358417,0,1,0,0,0,0,0,0,0,0,0,0,1,0,0,0,0,0,1,0,cluster15
1,80600,0.47545,0,1,0,0,0,0,0,0,0,0,0,0,1,0,0,0,0,0,1,0,cluster15
1,80500,0.32635,0,1,0,0,0,0,0,0,0,0,0,0,1,0,0,0,0,0,0,0,cluster15
1,80400,0.69085,0,1,0,0,0,0,0,0,0,0,0,0,1,0,0,0,1,0,1,0,cluster15
1,80300,0.577751,0,1,0,0,0,0,0,0,0,0,0,0,1,0,0,0,1,0,0,0,cluster15
1,80200,0.57485,0,1,0,0,0,0,0,0,0,0,0,0,1,0,0,0,1,0,0,0,cluster15
1,80100,1.2857,0,1,0,0,0,0,0,0,0,0,0,0,1,0,0,0,1,0,1,0,cluster15
1,80000,1.4809,0,1,0,0,0,0,0,0,0,0,0,0,1,0,0,0,1,0,1,0,cluster15
1,75900,1.55213,0,1,0,0,0,0,0,0,0,0,0,0,1,0,1,0,1,0,1,0,cluster15
1,75800,1.63503,0,1,0,0,0,0,0,0,1,0,0,0,1,0,1,0,1,0,1,0,cluster15
1,75700,1.51758,0,1,0,0,0,0,0,0,0,0,0,0,1,0,1,0,1,0,1,0,cluster15
1,75600,0.8887,0,1,0,0,0,0,0,0,0,0,0,0,1,0,1,0,1,0,1,0,cluster15
1,75500,0.648101,0,1,0,0,0,0,0,0,0,0,0,0,1,0,1,0,1,0,0,0,cluster15
1,75400,0.6643,0,1,0,0,0,0,0,0,0,0,0,0,1,0,1,0,1,0,0,0,cluster15
1,75300,0.659468,0,1,0,0,0,0,0,0,0,0,0,0,1,0,1,0,1,0,0,0,cluster15
1,75200,0.483733,0,1,0,0,0,0,0,0,0,0,0,0,1,0,1,0,0,0,0,0,cluster15
1,75100,0.4025,0,1,0,0,0,1,0,0,0,0,0,0,1,0,1,0,0,0,0,0,cluster15
1,75000,0.461117,0,1,0,0,0,1,0,0,0,0,0,0,1,0,1,0,0,0,0,0,cluster15
1,74900,0.466267,0,1,0,0,0,1,0,0,0,0,0,0,1,0,1,0,0,0,0,0,cluster15
1,74800,0.419917,0,1,0,0,0,1,0,0,0,0,0,0,1,0,0,0,0,0,0,0,cluster15
1,74700,0.420183,0,1,0,0,0,1,0,0,0,0,0,0,1,0,0,0,0,0,0,0,cluster15
1,74600,0.420017,0,1,0,0,0,1,0,0,0,0,0,0,1,0,0,0,0,0,0,0,cluster15
1,74500,0.374784,0,1,0,0,0,1,0,0,0,0,0,0,1,0,0,0,0,0,0,0,cluster15
1,74400,0.250166,0,1,0,0,0,1,0,0,0,0,0,0,1,0,0,0,0,0,0,0,cluster15
1,74300,0.2523,0,1,0,0,0,1,0,0,0,0,0,0,1,0,0,0,0,0,0,0,cluster15
1,74200,0.257733,0,1,0,0,0,1,0,0,0,0,0,0,1,0,0,0,0,0,0,0,cluster15
1,74100,0.267683,0,1,0,0,0,1,0,0,0,0,0,0,1,0,0,0,0,0,0,0,cluster15
1,74000,0.254317,0,1,0,0,0,1,0,0,0,0,0,0,1,0,0,0,0,0,0,0,cluster15
1,73900,0.263349,0,1,0,0,0,1,0,0,0,0,0,0,1,0,0,0,0,0,0,0,cluster15
1,73800,0.273499,0,1,0,0,0,1,0,0,0,0,0,0,1,0,0,0,0,0,0,0,cluster15
1,73700,0.286799,0,1,0,0,0,1,0,0,0,0,0,0,1,0,0,0,0,0,0,0,cluster15
1,73600,0.291416,0,1,0,0,0,0,0,0,0,0,0,0,1,0,1,0,0,0,0,0,cluster15
1,73500,0.21745,0,1,0,0,0,0,0,0,0,0,0,0,1,0,0,0,0,0,0,0,cluster15
1,73400,0.319735,0,1,0,0,0,0,0,0,0,0,0,0,1,0,0,0,0,0,1,0,cluster15
1,73300,1.59678,0,1,0,0,0,0,0,0,0,0,0,0,1,0,0,0,0,1,1,0,cluster15
1,73200,1.663,0,1,0,0,0,0,0,0,0,0,0,0,1,0,0,0,0,1,0,0,cluster15
1,73100,1.8174,0,1,0,0,0,0,0,0,0,0,0,0,1,0,0,0,0,1,1,0,cluster15
1,73000,0.216199,0,1,0,0,0,0,0,0,0,0,0,0,1,0,0,0,0,0,0,0,cluster15
1,72900,0.21725,0,1,0,0,0,0,0,0,0,0,0,0,1,0,0,0,0,0,0,0,cluster15
1,72800,0.401299,0,1,0,0,0,0,0,0,0,0,0,0,1,0,0,0,0,0,1,0,cluster15
1,72700,0.222065,0,1,0,0,0,0,0,0,0,0,0,0,1,0,0,0,0,0,0,0,cluster15
1,72600,0.247848,0,1,0,0,0,0,0,0,0,0,0,0,1,0,0,0,0,0,1,0,cluster15
1,72500,0.466635,0,1,0,0,0,0,0,0,0,0,0,0,1,0,0,0,0,0,1,0,cluster15
1,72400,0.509801,0,1,0,0,0,0,0,0,0,0,0,0,1,0,0,0,0,1,0,0,cluster15
1,72300,0.757033,0,1,0,0,0,0,0,0,0,0,0,0,1,0,0,0,0,1,1,0,cluster15
1,72200,0.594183,0,1,0,0,0,0,0,0,0,0,0,0,1,0,0,0,0,1,0,0,cluster15
1,72100,0.59975,0,1,0,0,0,0,0,0,0,0,0,0,1,0,0,0,0,1,0,0,cluster15
1,72000,0.763017,0,1,0,0,0,0,0,0,0,0,0,0,1,0,0,0,0,1,1,0,cluster15
1,71900,1.51983,0,1,0,0,0,0,0,0,0,0,0,0,1,0,0,0,0,1,0,0,cluster15
1,71800,1.8348,0,1,0,0,0,0,0,0,0,0,0,0,1,0,0,0,0,1,1,0,cluster15
1,71700,1.9297,0,1,0,0,0,0,0,0,0,0,0,0,1,0,0,0,0,1,1,0,cluster15
1,71600,1.07493,0,1,0,0,0,0,0,0,0,0,0,0,1,0,0,0,0,1,0,0,cluster15
1,71500,0.530949,0,1,0,0,0,0,0,0,0,0,0,0,1,0,0,0,0,0,1,0,cluster15
1,71400,0.323434,0,1,0,0,0,0,0,0,0,0,0,0,1,0,0,0,0,0,0,0,cluster15
1,71300,0.371802,0,1,0,0,0,0,0,0,1,0,0,0,1,0,0,0,0,0,0,0,cluster15
1,71200,1.65933,0,1,0,0,0,0,0,0,1,0,0,0,1,0,0,0,0,1,1,0,cluster15
1,71100,1.79477,0,1,0,0,0,0,0,0,1,0,0,0,1,0,0,0,0,1,0,0,cluster15
1,71000,1.88053,0,1,0,0,0,0,0,0,0,0,0,0,1,0,0,0,0,1,1,0,cluster15
1,70900,1.82727,0,1,0,0,0,0,0,0,0,0,0,0,1,0,0,0,0,1,1,0,cluster15
1,70800,1.43407,0,1,0,0,0,0,0,0,0,0,0,0,1,0,0,0,0,1,0,0,cluster15
1,70700,0.490451,0,1,0,0,0,0,0,0,0,0,0,0,1,0,0,0,0,0,1,0,cluster15
1,70600,0.314634,0,1,0,0,0,0,0,0,0,0,0,0,1,0,0,0,0,0,0,0,cluster15
1,70500,0.301917,0,1,0,0,0,0,0,0,0,0,0,0,1,0,0,0,0,0,0,0,cluster15
1,70400,0.632066,0,1,0,0,0,0,0,0,0,0,0,0,1,0,1,0,0,0,1,0,cluster15
1,70300,0.339451,0,1,0,0,0,0,0,0,0,0,0,0,1,0,1,0,0,0,0,0,cluster15
1,70200,0.474417,0,1,0,0,0,0,0,0,0,0,0,0,1,0,0,0,0,0,1,0,cluster15
1,70100,0.432267,0,1,0,0,0,1,0,0,0,0,0,0,1,0,0,0,0,0,1,0,cluster15
1,70000,0.354083,0,1,0,0,0,1,0,0,0,0,0,0,1,0,0,0,0,0,0,0,cluster15
1,65900,0.53125,0,1,0,0,0,0,0,0,0,0,0,0,1,0,0,0,0,0,1,0,cluster15
1,65800,0.317284,0,1,0,0,0,0,0,0,0,0,0,0,1,0,0,0,0,0,0,0,cluster15
1,65700,0.346867,0,1,0,0,0,0,0,0,0,0,0,0,1,0,0,0,0,0,0,0,cluster15
1,65600,0.606415,0,1,0,0,0,0,0,0,0,0,0,0,1,0,0,0,0,0,1,0,cluster15
1,65500,0.370066,0,1,0,0,0,0,0,0,0,0,0,0,1,0,0,0,0,0,0,0,cluster15
0,100300,2.3481,0,1,0,0,0,0,0,0,0,1,0,0,1,0,0,0,1,1,0,0,cluster15
0,100200,2.16352,0,1,0,0,0,0,0,0,0,1,0,0,1,0,0,0,0,1,0,0,cluster15
0,100100,2.156,0,1,0,0,0,0,0,0,1,1,0,0,1,0,0,0,0,1,0,0,cluster15
0,100000,1.15862,0,1,0,0,0,0,0,0,0,1,0,0,1,0,0,0,0,1,0,0,cluster15
0,95900,0.644868,0,1,0,0,0,0,0,0,0,1,0,0,1,0,0,0,0,0,0,0,cluster15
0,95800,0.686734,0,1,0,0,0,0,0,0,0,1,0,0,1,0,0,0,0,0,0,0,cluster15
0,95700,0.644317,0,1,0,0,0,0,0,0,0,1,0,0,1,0,0,0,0,0,0,0,cluster15
0,95600,0.643566,0,1,0,0,0,0,0,0,0,1,0,0,1,0,0,0,0,0,0,0,cluster15
0,95500,0.651934,0,1,0,0,0,0,0,0,0,1,0,0,1,0,0,0,0,0,0,0,cluster15
0,95400,0.633917,0,1,0,0,0,0,0,0,0,1,0,0,1,0,0,0,0,0,0,0,cluster15
0,95300,0.58905,0,1,0,0,0,0,0,0,0,1,0,0,1,0,0,0,0,0,0,0,cluster15
0,95200,0.641234,0,1,0,0,0,0,0,0,1,1,0,0,1,0,0,0,0,0,0,0,cluster15
0,95100,0.627449,0,1,0,0,0,0,0,0,1,1,0,0,1,0,0,0,0,0,0,0,cluster15
0,95000,0.603483,0,1,0,0,0,0,0,0,1,1,0,0,1,0,0,0,0,0,0,0,cluster15
0,94900,0.591168,0,1,0,0,0,0,0,0,1,1,0,0,1,0,0,0,0,0,0,0,cluster15
0,94800,0.60235,0,1,0,0,0,0,0,0,1,1,0,0,1,0,0,0,0,0,0,0,cluster15
0,94700,0.54,0,1,0,0,0,0,0,0,1,1,0,0,1,0,0,0,0,0,0,0,cluster15
0,94600,0.486468,0,1,0,0,0,0,0,0,1,0,0,0,1,0,0,0,0,0,0,0,cluster15
0,94500,0.532467,0,1,0,0,0,0,0,0,1,0,0,0,1,0,0,0,0,0,0,0,cluster15
0,94400,0.534684,0,1,0,0,0,0,0,0,1,0,0,0,1,0,0,0,0,0,0,0,cluster15
0,94300,0.535699,0,1,0,0,0,0,0,0,1,0,0,0,1,0,0,0,0,0,0,0,cluster15
1,83300,0.8641,0,1,0,0,0,0,1,0,0,0,0,0,1,0,0,0,0,0,0,0,cluster15
1,83200,0.523566,0,1,0,0,0,0,0,0,0,0,0,0,1,0,0,0,0,0,0,0,cluster15
1,83100,0.518534,0,1,0,0,0,0,0,0,0,0,0,0,1,0,0,0,0,0,0,0,cluster15
1,83000,0.722617,0,1,0,0,0,0,0,0,0,0,0,0,1,0,0,0,0,0,1,0,cluster15
1,82900,0.559334,0,1,0,0,0,0,0,0,0,0,0,0,1,0,0,0,0,0,0,0,cluster15
1,82800,1.09843,0,1,0,0,0,0,1,0,0,0,0,0,1,0,0,0,0,0,0,0,cluster15
1,82700,1.66908,0,1,0,0,0,0,1,0,0,0,0,0,1,0,0,0,0,0,1,0,cluster15
1,82600,1.49798,0,1,0,0,0,0,1,0,0,0,0,0,1,0,0,0,0,0,0,0,cluster15
1,82500,1.6759,0,1,0,0,0,0,1,0,0,0,0,0,1,0,0,0,0,0,1,0,cluster15
1,82400,1.40817,0,1,0,0,0,0,1,0,0,0,0,0,1,0,0,0,0,0,0,0,cluster15
1,82300,2.14645,0,1,0,0,0,0,1,0,0,0,0,0,1,0,0,0,0,1,0,0,cluster15
1,82200,2.40065,0,1,0,0,0,0,1,0,0,0,0,0,1,0,0,0,0,1,1,0,cluster15
1,82100,2.1372,0,1,0,0,0,0,0,0,0,0,0,0,1,0,0,0,0,1,0,0,cluster15
1,82000,2.11367,0,1,0,0,0,0,0,0,0,0,0,0,1,0,0,0,0,1,1,0,cluster15
1,81900,0.757616,0,1,0,0,0,0,0,0,0,0,0,0,1,0,0,0,0,0,1,0,cluster15
1,81700,1.11937,0,1,0,0,0,0,0,0,0,0,0,0,1,0,0,0,1,0,1,0,cluster15
1,81600,0.926466,0,1,0,0,0,0,0,0,0,0,0,0,1,0,0,0,1,0,0,0,cluster15
1,81500,1.59255,0,1,0,0,0,0,1,0,0,0,0,0,1,0,0,0,1,0,1,0,cluster15
1,81300,1.6232,0,1,0,0,0,0,1,0,0,0,0,0,1,0,0,0,0,0,0,0,cluster15
1,81200,1.87078,0,1,0,0,0,0,1,0,0,0,0,0,1,0,0,0,1,0,1,0,cluster15
1,81100,1.68368,0,1,0,0,0,0,1,0,0,0,0,0,1,0,0,0,1,0,0,0,cluster15
1,81000,0.856066,0,1,0,0,0,1,0,0,0,0,0,0,1,0,0,0,0,0,1,0,cluster15
1,80900,1.0678,0,1,0,0,0,1,0,0,0,0,0,0,1,0,0,0,0,0,1,0,cluster15
1,75300,0.772,0,1,0,0,0,0,0,0,0,0,0,0,1,0,0,0,0,0,1,0,cluster15
1,80200,1.34097,0,1,0,0,0,0,0,0,0,0,0,0,1,0,0,0,0,0,1,0,cluster15
0,94600,0.670217,0,1,0,0,0,0,0,0,0,0,0,0,1,0,0,0,1,0,0,0,cluster15
0,94500,0.638782,0,1,0,0,0,0,0,0,0,0,0,0,1,0,0,0,1,0,0,0,cluster15
0,94400,0.402616,0,1,0,0,0,0,0,0,0,0,0,0,1,0,0,0,0,0,0,0,cluster15
0,94300,0.40575,0,1,0,0,0,0,0,0,0,0,0,0,1,0,0,0,0,0,0,0,cluster15
0,94200,0.413801,0,1,0,0,0,0,0,0,0,0,0,0,1,0,0,0,0,0,0,0,cluster15
0,94100,0.40895,0,1,0,0,0,0,0,0,0,0,0,0,1,0,0,0,0,0,0,0,cluster15
0,94000,0.390783,0,1,0,0,0,0,0,0,0,0,0,0,1,0,0,0,0,0,0,0,cluster15
0,93900,0.410817,0,1,0,0,0,0,0,0,0,0,0,0,1,0,0,0,0,0,0,0,cluster15
0,93800,0.427934,0,1,0,0,0,0,0,0,0,0,0,0,1,0,0,0,0,0,0,0,cluster15
0,93700,0.404215,0,1,0,0,0,0,0,0,0,0,0,0,1,0,0,0,0,0,0,0,cluster15
0,93600,0.483783,0,1,0,0,0,0,0,0,0,0,0,0,1,0,0,0,0,0,0,0,cluster15
0,93500,0.522832,0,1,0,0,0,0,0,0,0,0,0,0,1,0,0,0,0,0,0,0,cluster15
0,93400,0.401416,0,1,0,0,0,0,0,0,0,0,0,0,1,0,0,0,0,0,0,0,cluster15
0,93300,0.408917,0,1,0,0,0,0,0,0,0,0,0,0,1,0,0,0,0,0,0,0,cluster15
0,93200,0.403183,0,1,0,0,0,0,0,0,0,0,0,0,1,0,0,0,0,0,0,0,cluster15
0,93100,0.401767,0,1,0,0,0,0,0,0,0,0,0,0,1,0,0,0,0,0,0,0,cluster15
0,93000,0.417633,0,1,0,0,0,0,0,0,0,0,0,0,1,0,0,0,0,0,0,0,cluster15
0,92900,0.430383,0,1,0,0,0,0,0,0,0,0,0,0,1,0,0,0,0,0,0,0,cluster15
0,92800,0.418083,0,1,0,0,0,0,0,0,0,0,0,0,1,0,0,0,0,0,0,0,cluster15
0,92700,0.439234,0,1,0,0,0,0,0,0,0,0,0,0,1,0,0,0,0,0,0,0,cluster15
0,92600,0.434917,0,1,0,0,0,0,0,0,0,0,0,0,1,0,0,0,0,0,0,0,cluster15
0,92500,0.29645,0,1,0,0,0,0,0,0,0,0,0,0,1,0,0,0,0,0,0,0,cluster15
0,92400,0.279983,0,1,0,0,0,0,0,0,0,0,0,0,1,0,0,0,0,0,0,0,cluster15
0,92300,0.292049,0,1,0,0,0,0,0,0,0,0,0,0,1,0,0,0,0,0,0,0,cluster15
0,92200,0.27975,0,1,0,0,0,0,0,0,0,0,0,0,1,0,0,0,0,0,0,0,cluster15
0,92100,0.264982,0,1,0,0,0,0,0,0,0,0,0,0,1,0,0,0,0,0,0,0,cluster15
0,92000,0.273601,0,1,0,0,0,0,0,0,0,0,0,0,1,0,0,0,0,0,0,0,cluster15
0,91900,0.279799,0,1,0,0,0,0,0,0,0,0,0,0,1,0,0,0,0,0,0,0,cluster15
0,91800,0.273916,0,1,0,0,0,0,0,0,0,0,0,0,1,0,0,0,0,0,0,0,cluster15
0,91700,0.483784,0,1,0,0,0,0,0,0,0,0,0,0,1,0,1,0,0,0,0,0,cluster15
0,91600,0.527216,0,1,0,0,0,0,0,0,0,0,0,0,1,0,1,0,0,0,0,0,cluster15
0,91500,0.522833,0,1,0,0,0,0,0,0,0,0,0,0,1,0,1,0,0,0,0,0,cluster15
0,91400,0.502349,0,1,0,0,0,0,0,0,0,0,0,0,1,0,1,0,0,0,0,0,cluster15
0,91300,0.519251,0,1,0,0,0,0,0,0,0,0,0,0,1,0,1,0,0,0,0,0,cluster15
0,91200,0.404017,0,1,0,0,0,0,0,0,0,0,0,0,1,0,1,0,0,0,0,0,cluster15
0,91100,0.202667,0,1,0,0,0,0,0,0,0,0,0,0,1,0,0,0,0,0,0,0,cluster15
0,91000,0.210883,0,1,0,0,0,0,0,0,0,0,0,0,1,0,0,0,0,0,0,0,cluster15
0,90900,0.207033,0,1,0,0,0,0,0,0,0,0,0,0,1,0,0,0,0,0,0,0,cluster15
0,90800,0.204101,0,1,0,0,0,0,0,0,0,0,0,0,1,0,0,0,0,0,0,0,cluster15
0,90700,0.207283,0,1,0,0,0,0,0,0,0,0,0,0,1,0,0,0,0,0,0,0,cluster15
0,90600,0.220585,0,1,0,0,0,0,0,0,0,0,0,0,1,0,0,0,0,0,0,0,cluster15
0,90500,0.237932,0,1,0,0,0,0,0,0,0,0,0,0,1,0,0,0,0,0,0,0,cluster15
0,90400,0.317617,0,1,0,0,0,0,0,0,0,0,0,0,1,0,0,0,0,0,0,0,cluster15
0,90300,0.30975,0,1,0,0,0,0,0,0,0,0,0,0,1,0,0,0,0,0,0,0,cluster15
0,90200,0.29975,0,1,0,0,0,0,0,0,0,0,0,0,1,0,0,0,0,0,0,0,cluster15
0,90100,0.2983,0,1,0,0,0,0,0,0,0,0,0,0,1,0,0,0,0,0,0,0,cluster15
0,90000,0.288783,0,1,0,0,0,0,0,0,0,0,0,0,1,0,0,0,0,0,0,0,cluster15
0,85900,0.2902,0,1,0,0,0,0,0,0,0,0,0,0,1,0,0,0,0,0,0,0,cluster15
0,85800,0.297049,0,1,0,0,0,0,0,0,0,0,0,0,1,0,0,0,0,0,0,0,cluster15
0,85700,0.326817,0,1,0,0,0,0,0,0,0,0,0,0,1,0,0,0,0,0,0,0,cluster15
0,85600,0.458134,0,1,0,0,0,0,0,0,0,0,0,0,1,0,0,0,0,0,0,0,cluster15
0,85500,0.446934,0,1,0,0,0,0,0,0,0,0,0,0,1,0,0,0,0,0,0,0,cluster15
0,85400,0.519467,0,1,0,0,0,0,0,0,0,0,0,0,1,0,0,0,0,0,0,0,cluster15
0,84300,0.436032,0,1,0,0,0,0,0,0,0,0,0,0,1,0,0,0,0,0,0,0,cluster15
0,84200,0.592849,0,1,0,0,0,0,0,0,0,0,0,0,1,0,0,0,1,0,0,0,cluster15
0,84100,0.7041,0,1,0,0,0,0,0,0,0,0,0,0,1,0,0,0,1,0,0,0,cluster15
0,84000,0.711133,0,1,0,0,0,0,0,0,0,0,0,0,1,0,0,0,1,0,0,0,cluster15
1,201100,0.558232,0,1,0,0,0,0,0,0,0,0,0,0,1,0,1,0,0,0,0,0,cluster15
1,201000,0.558967,0,1,0,0,0,0,0,0,0,0,0,0,1,0,1,0,0,0,0,0,cluster15
1,200900,0.57205,0,1,0,0,0,0,0,0,0,0,0,0,1,0,1,0,0,0,0,0,cluster15
1,200800,0.550866,0,1,0,0,0,0,0,0,0,0,0,0,1,0,1,0,0,0,0,0,cluster15
1,200700,0.721001,0,1,0,0,0,0,0,0,0,0,0,0,1,0,1,0,0,0,0,0,cluster15
1,200600,0.761016,0,1,0,0,0,0,0,0,0,0,0,0,1,0,1,0,0,1,0,0,cluster15
1,200500,0.768434,0,1,0,0,0,0,0,0,0,0,1,0,1,0,1,0,0,1,0,0,cluster15
1,200400,0.756,0,1,0,0,0,0,0,0,0,0,0,0,1,0,1,0,0,1,0,0,cluster15
1,200300,0.799383,0,1,0,0,0,0,0,0,0,0,0,0,1,0,1,0,0,1,0,0,cluster15
1,200200,0.486583,0,1,0,0,0,0,0,0,0,0,0,0,1,0,1,0,0,0,0,0,cluster15
1,74700,0.4323,0,1,0,0,0,0,0,0,0,0,0,0,1,0,0,0,0,0,1,0,cluster15
1,74600,0.499117,0,1,0,0,0,0,0,0,0,0,0,0,1,0,0,0,0,0,0,0,cluster15
0,84800,0.280283,0,1,0,0,0,0,0,0,0,0,0,0,1,0,0,0,0,0,0,0,cluster15
0,84700,0.45435,0,1,0,0,0,0,0,0,0,0,0,0,1,0,0,0,0,0,0,0,cluster15
0,84600,0.4427,0,1,0,0,0,0,0,0,0,0,0,0,1,0,0,0,0,0,0,0,cluster15
0,84500,0.528749,0,1,0,0,0,0,0,0,0,0,0,0,1,0,0,0,0,0,0,0,cluster15
0,84400,0.54165,0,1,0,0,0,0,0,0,0,0,0,0,1,0,0,0,0,0,0,0,cluster15
0,84300,0.543866,0,1,0,0,0,0,0,0,0,0,0,0,1,0,0,0,0,0,0,0,cluster15
0,84200,0.506901,0,1,0,0,0,0,0,0,0,0,0,0,1,0,0,0,0,0,0,0,cluster15
0,84100,0.5476,0,1,0,0,0,1,0,0,0,0,0,0,1,0,0,0,0,0,0,0,cluster15
0,84000,0.556616,0,1,0,0,0,1,0,0,0,0,0,0,1,0,0,0,0,0,0,0,cluster15
0,83900,0.545134,0,1,0,0,0,1,0,0,0,0,0,0,1,0,0,0,0,0,0,0,cluster15
0,83800,1.93075,0,1,0,0,0,1,0,0,0,0,0,0,1,0,0,0,0,1,0,0,cluster15
0,83700,2.0051,0,1,0,0,0,1,0,0,0,0,0,0,1,0,0,0,0,1,0,0,cluster15
0,83600,1.4478,0,1,0,0,0,1,0,0,0,0,0,0,1,0,0,0,0,1,0,0,cluster15
0,83500,2.00968,0,1,0,0,0,1,0,0,0,0,0,0,1,0,0,0,0,1,0,0,cluster15
0,83400,2.018,0,1,0,0,0,1,0,0,0,0,0,0,1,0,0,0,0,1,0,0,cluster15
0,83300,2.00995,0,1,0,0,0,1,0,0,0,0,0,0,1,0,0,0,0,1,0,0,cluster15
0,83200,0.873017,0,1,0,0,0,1,0,0,0,0,0,0,1,0,0,0,0,1,0,0,cluster15
0,83100,0.461949,0,1,0,0,0,1,0,0,0,0,0,0,1,0,0,0,0,0,0,0,cluster15
0,83000,0.477483,0,1,0,0,0,1,0,0,0,0,0,0,1,0,0,0,0,0,0,0,cluster15
0,100500,1.78732,0,1,0,0,0,1,1,0,0,0,0,0,1,0,1,0,1,0,0,0,cluster15
0,100400,1.54032,0,1,0,0,0,1,1,0,0,0,0,0,1,0,1,0,1,0,0,0,cluster15
0,100300,1.52628,0,1,0,0,0,1,1,0,0,0,0,0,1,0,0,0,1,0,0,0,cluster15
0,100200,1.47168,0,1,0,0,0,1,1,0,0,0,0,0,1,0,1,0,1,0,0,0,cluster15
0,100100,1.37338,0,1,0,0,0,1,1,0,0,0,0,0,1,0,1,0,0,0,0,0,cluster15
0,100000,1.3964,0,1,0,0,0,1,1,0,0,0,0,0,1,0,1,0,0,0,0,0,cluster15
0,95900,1.3976,0,1,0,0,0,1,1,0,0,0,0,0,1,0,1,0,0,0,0,0,cluster15
0,95800,1.38957,0,1,0,0,0,1,1,0,0,0,0,0,1,0,1,0,0,0,0,0,cluster15
0,95700,1.36298,0,1,0,0,0,1,1,0,0,0,0,0,1,0,1,0,0,0,0,0,cluster15
0,95600,1.39805,0,1,0,0,0,1,1,0,0,0,0,0,1,0,1,0,0,0,0,0,cluster15
0,95500,1.43488,0,1,0,0,0,1,1,0,0,0,0,0,1,0,1,0,0,0,0,0,cluster15
0,95400,1.43187,0,1,0,0,0,1,1,0,0,0,0,0,1,0,1,0,0,0,0,0,cluster15
0,95300,1.42973,0,1,0,0,0,1,1,0,0,0,0,0,1,0,1,0,0,0,0,0,cluster15
0,95200,1.43533,0,1,0,0,0,1,1,0,0,0,0,0,1,0,1,0,0,0,0,0,cluster15
0,95100,1.43503,0,1,0,0,0,1,1,0,0,0,0,0,1,0,1,0,0,0,0,0,cluster15
0,95000,1.43318,0,1,0,0,0,1,1,0,0,0,0,0,1,0,1,0,0,0,0,0,cluster15
0,94900,1.46307,0,1,0,0,0,1,1,0,0,0,0,0,1,0,1,0,0,0,0,0,cluster15
0,94800,1.31573,0,1,0,0,0,1,1,0,0,0,0,0,1,0,1,0,0,0,0,0,cluster15
0,71600,0.722718,0,1,0,0,0,1,0,0,0,0,0,0,1,0,0,0,0,0,1,0,cluster15
0,71500,0.460349,0,1,0,0,0,0,0,0,0,0,0,0,1,0,0,0,0,0,0,0,cluster15
0,71400,0.483917,0,1,0,0,0,1,0,0,0,0,0,0,1,0,0,0,0,0,0,0,cluster15
0,71300,0.709034,0,1,0,0,0,1,0,0,0,0,0,0,1,0,0,0,0,0,1,0,cluster15
0,71200,0.483217,0,1,0,0,0,1,0,0,0,0,0,0,1,0,0,0,0,0,0,0,cluster15
0,71100,0.679299,0,1,0,0,0,1,0,0,0,0,0,0,1,0,0,0,0,0,1,0,cluster15
0,71000,0.53285,1,1,0,0,0,1,0,0,0,0,0,0,1,0,0,0,0,0,0,0,cluster15
0,70900,0.572101,1,1,0,0,0,1,0,0,0,0,0,0,1,0,0,0,0,0,0,0,cluster15
0,70800,0.762151,1,1,0,0,0,1,0,0,0,0,0,0,1,0,0,0,0,0,1,0,cluster15
0,70700,0.611166,1,1,0,0,0,1,0,0,0,0,0,0,1,0,0,0,0,0,0,0,cluster15
0,70600,0.836018,1,1,0,0,0,1,0,0,0,0,0,0,1,0,0,0,0,0,1,0,cluster15
0,70500,0.6517,1,1,0,0,0,1,0,0,0,0,0,0,1,0,0,0,0,0,0,0,cluster15
0,70400,0.835267,1,1,0,0,0,1,0,0,0,0,0,0,1,0,0,0,0,0,1,0,cluster15
0,70300,0.596532,1,1,0,0,0,1,0,0,0,0,0,0,1,0,0,0,0,0,0,0,cluster15
